Company,Symbol,Market,Event_type,Date,Quarter,EPS,Forecast,# Estimates,% Surprise,Footer Date
Opus Bank,OPB,NASDAQ -GS,Exceeded,07-24-2017,Jun 2017,0.51 ,0.17 ,2 ,200 ,07/25/2017 05:00
"HealthStream, Inc.",HSTM,NASDAQ -GS,Exceeded,07-24-2017,Jun 2017,0.08 ,0.04 ,5 ,100 ,07/25/2017 05:00
Potlatch Corporation,PCH,NASDAQ -GS,Exceeded,07-24-2017,Jun 2017,0.54 ,0.3 ,4 ,80 ,07/25/2017 05:00
Moelis & Company,MC,NYSE,Exceeded,07-24-2017,Jun 2017,0.66 ,0.51 ,4 ,29.41 ,07/25/2017 05:00
Logitech International S.A.,LOGI,NASDAQ -GS,Exceeded,07-24-2017,Jun 2017,0.22 ,0.17 ,2 ,29.41 ,07/25/2017 05:00
Swift Transportation Company,SWFT,NYSE,Exceeded,07-24-2017,Jun 2017,0.25 ,0.2 ,11 ,25 ,07/25/2017 05:00
"Werner Enterprises, Inc.",WERN,NASDAQ -GS,Exceeded,07-24-2017,Jun 2017,0.32 ,0.26 ,10 ,23.08 ,07/25/2017 05:00
Halliburton Company,HAL,NYSE,Exceeded,07-24-2017,Jun 2017,0.23 ,0.19 ,13 ,21.05 ,07/25/2017 05:00
Ryanair Holdings plc,RYAAY,NASDAQ -GS,Exceeded,07-24-2017,Jun 2017,1.78 ,1.48 ,1 ,20.27 ,07/25/2017 05:00
"CryoLife, Inc.",CRY,NYSE,Exceeded,07-24-2017,Jun 2017,0.12 ,0.1 ,1 ,20 ,07/25/2017 05:00
"Cadence Design Systems, Inc.",CDNS,NASDAQ -GS,Exceeded,07-24-2017,Jun 2017,0.25 ,0.21 ,3 ,19.05 ,07/25/2017 05:00
Arconic Inc.,ARNC,NYSE,Exceeded,07-24-2017,Jun 2017,0.32 ,0.27 ,5 ,18.52 ,07/25/2017 05:00
Scientific Games Corp,SGMS,NASDAQ -GS,Exceeded,07-24-2017,Jun 2017,-0.43 ,-0.52 ,6 ,17.31 ,07/25/2017 05:00
"Hasbro, Inc.",HAS,NASDAQ -GS,Exceeded,07-24-2017,Jun 2017,0.53 ,0.46 ,5 ,15.22 ,07/25/2017 05:00
Alphabet Inc.,GOOGL,NASDAQ -GS,Exceeded,07-24-2017,Jun 2017,5.01 ,4.39 ,11 ,14.12 ,07/25/2017 05:00
FB Financial Corporation,FBK,NYSE,Exceeded,07-24-2017,Jun 2017,0.49 ,0.43 ,1 ,13.95 ,07/25/2017 05:00
"PetMed Express, Inc.",PETS,NASDAQ -GS,Exceeded,07-24-2017,Jun 2017,0.45 ,0.4 ,2 ,12.5 ,07/25/2017 05:00
City Holding Company,CHCO,NASDAQ -GS,Exceeded,07-24-2017,Jun 2017,0.94 ,0.84 ,2 ,11.9 ,07/25/2017 05:00
"Woodward, Inc.",WWD,NASDAQ -GS,Exceeded,07-24-2017,Jun 2017,0.85 ,0.76 ,5 ,11.84 ,07/25/2017 05:00
"Rambus, Inc.",RMBS,NASDAQ -GS,Exceeded,07-24-2017,Jun 2017,0.1 ,0.09 ,2 ,11.11 ,07/25/2017 05:00
TCF Financial Corporation,TCF,NYSE,Exceeded,07-24-2017,Jun 2017,0.33 ,0.3 ,10 ,10 ,07/25/2017 05:00
ManpowerGroup,MAN,NYSE,Exceeded,07-24-2017,Jun 2017,1.82 ,1.73 ,6 ,5.2 ,07/25/2017 05:00
WebMD Health Corp,WBMD,NASDAQ -GS,Exceeded,07-24-2017,Jun 2017,0.43 ,0.41 ,7 ,4.88 ,07/25/2017 05:00
"Northwest Bancshares, Inc.",NWBI,NASDAQ -GS,Exceeded,07-24-2017,Jun 2017,0.22 ,0.21 ,3 ,4.76 ,07/25/2017 05:00
Core Laboratories N.V.,CLB,NYSE,Exceeded,07-24-2017,Jun 2017,0.52 ,0.5 ,5 ,4 ,07/25/2017 05:00
"Everest Re Group, Ltd.",RE,NYSE,Exceeded,07-24-2017,Jun 2017,5.51 ,5.3 ,5 ,3.96 ,07/25/2017 05:00
Bank of Marin Bancorp,BMRC,NASDAQ -CM,Exceeded,07-24-2017,Jun 2017,0.84 ,0.81 ,4 ,3.7 ,07/25/2017 05:00
V.F. Corporation,VFC,NYSE,Exceeded,07-24-2017,Jun 2017,0.29 ,0.28 ,17 ,3.57 ,07/25/2017 05:00
Celanese Corporation,CE,NYSE,Exceeded,07-24-2017,Jun 2017,1.79 ,1.74 ,9 ,2.87 ,07/25/2017 05:00
Sierra Bancorp,BSRR,NASDAQ -GS,Exceeded,07-24-2017,Jun 2017,0.37 ,0.36 ,2 ,2.78 ,07/25/2017 05:00
"Stanley Black & Decker, Inc.",SWK,NYSE,Exceeded,07-24-2017,Jun 2017,2.01 ,1.96 ,9 ,2.55 ,07/25/2017 05:00
"Lennox International, Inc.",LII,NYSE,Exceeded,07-24-2017,Jun 2017,2.83 ,2.76 ,13 ,2.54 ,07/25/2017 05:00
Bank of Hawaii Corporation,BOH,NYSE,Exceeded,07-24-2017,Jun 2017,1.05 ,1.03 ,5 ,1.94 ,07/25/2017 05:00
Illinois Tool Works Inc.,ITW,NYSE,Exceeded,07-24-2017,Jun 2017,1.66 ,1.63 ,9 ,1.84 ,07/25/2017 05:00
Crane Company,CR,NYSE,Exceeded,07-24-2017,Jun 2017,1.17 ,1.16 ,6 ,0.86 ,07/25/2017 05:00
Agree Realty Corporation,ADC,NYSE,Met,07-24-2017,Jun 2017,0.67 ,0.67 ,8 ,0 ,07/25/2017 05:00
"Independent Bank Group, Inc",IBTX,NASDAQ -GS,Met,07-24-2017,Jun 2017,0.82 ,0.82 ,3 ,0 ,07/25/2017 05:00
First Bank,FRBA,NASDAQ -GM,Met,07-24-2017,Jun 2017,0.16 ,0.16 ,1 ,0 ,07/25/2017 05:00
NBT Bancorp Inc.,NBTB,NASDAQ -GS,Met,07-24-2017,Jun 2017,0.49 ,0.49 ,2 ,0 ,07/25/2017 05:00
Scorpio Bulkers Inc.,SALT,NYSE,Met,07-24-2017,Jun 2017,-0.18 ,-0.18 ,5 ,0 ,07/25/2017 05:00
Sanmina Corporation,SANM,NASDAQ -GS,Failed,07-24-2017,Jun 2017,0.74 ,0.75 ,2 ,-1.33 ,07/25/2017 05:00
American Campus Communities Inc,ACC,NYSE,Failed,07-24-2017,Jun 2017,0.53 ,0.54 ,6 ,-1.85 ,07/25/2017 05:00
HNI Corporation,HNI,NYSE,Failed,07-24-2017,Jun 2017,0.42 ,0.43 ,2 ,-2.33 ,07/25/2017 05:00
Hexcel Corporation,HXL,NYSE,Failed,07-24-2017,Jun 2017,0.67 ,0.69 ,6 ,-2.9 ,07/25/2017 05:00
"Consumer Portfolio Services, Inc.",CPSS,NASDAQ -GM,Failed,07-24-2017,Jun 2017,0.17 ,0.18 ,2 ,-5.56 ,07/25/2017 05:00
Equity Commonwealth,EQC,NYSE,Failed,07-24-2017,Jun 2017,0.25 ,0.27 ,2 ,-7.41 ,07/25/2017 05:00
Coca Cola Femsa S.A.B. de C.V.,KOF,NYSE,Failed,07-24-2017,Jun 2017,0.58 ,0.63 ,1 ,-7.94 ,07/25/2017 05:00
Enterprise Financial Services Corporation,EFSC,NASDAQ -GS,Failed,07-24-2017,Jun 2017,0.56 ,0.63 ,3 ,-11.11 ,07/25/2017 05:00
J & J Snack Foods Corp.,JJSF,NASDAQ -GS,Failed,07-24-2017,Jun 2017,1.34 ,1.53 ,2 ,-12.42 ,07/25/2017 05:00
RPM International Inc.,RPM,NYSE,Failed,07-24-2017,May 2017,1.02 ,1.17 ,7 ,-12.82 ,07/25/2017 05:00
"Heidrick & Struggles International, Inc.",HSII,NASDAQ -GS,Failed,07-24-2017,Jun 2017,0.33 ,0.38 ,3 ,-13.16 ,07/25/2017 05:00
Park National Corporation,PRK,AMEX,Failed,07-24-2017,Jun 2017,1.24 ,1.43 ,1 ,-13.29 ,07/25/2017 05:00
DNB Financial Corp,DNBF,NASDAQ -CM,Failed,07-24-2017,Jun 2017,0.42 ,0.58 ,1 ,-27.59 ,07/25/2017 05:00
"HomeStreet, Inc.",HMST,NASDAQ -GS,Failed,07-24-2017,Jun 2017,0.42 ,0.6 ,3 ,-30 ,07/25/2017 05:00
Horace Mann Educators Corporation,HMN,NYSE,Failed,07-24-2017,Jun 2017,0.02 ,0.34 ,11 ,-94.12 ,07/25/2017 05:00
Anadarko Petroleum Corporation,APC,NYSE,Failed,07-24-2017,Jun 2017,-0.77 ,-0.34 ,11 ,-126.47 ,07/25/2017 05:00
Arlington Asset Investment Corp,AI,NYSE,Failed,07-24-2017,Jun 2017,-0.74 ,0.38 ,1 ,-294.74 ,07/25/2017 05:00
"Rocky Brands, Inc.",RCKY,NASDAQ -GS,Exceeded,07-25-2017,Jun 2017,0.2 ,0.02 ,1 ,900 ,07/25/2017 06:04
iRobot Corporation,IRBT,NASDAQ -GS,Exceeded,07-25-2017,Jun 2017,0.27 ,-0.25 ,4 ,208 ,07/25/2017 06:04
United States Steel Corporation,X,NYSE,Exceeded,07-25-2017,Jun 2017,1.07 ,0.4 ,8 ,167.5 ,07/25/2017 06:04
"NeoGenomics, Inc.",NEO,NASDAQ -CM,Exceeded,07-25-2017,Jun 2017,0.02 ,0.01 ,5 ,100 ,07/25/2017 06:04
TIM Participacoes S.A.,TSU,NYSE,Exceeded,07-25-2017,Jun 2017,0.14 ,0.08 ,2 ,75 ,07/25/2017 06:04
Newmont Mining Corporation,NEM,NYSE,Exceeded,07-25-2017,Jun 2017,0.46 ,0.28 ,6 ,64.29 ,07/25/2017 06:04
CIT Group Inc (DEL),CIT,NYSE,Exceeded,07-25-2017,Jun 2017,0.9 ,0.56 ,5 ,60.71 ,07/25/2017 06:04
"Advanced Micro Devices, Inc.",AMD,NASDAQ -CM,Exceeded,07-25-2017,Jun 2017,-0.01 ,-0.02 ,8 ,50 ,07/25/2017 06:04
AK Steel Holding Corporation,AKS,NYSE,Exceeded,07-25-2017,Jun 2017,0.19 ,0.13 ,8 ,46.15 ,07/25/2017 06:04
Diana Containerships Inc.,DCIX,NASDAQ -GS,Exceeded,07-25-2017,Jun 2017,-3.27 ,-5.88 ,1 ,44.39 ,07/25/2017 06:04
Allegheny Technologies Incorporated,ATI,NYSE,Exceeded,07-25-2017,Jun 2017,0.09 ,0.07 ,7 ,28.57 ,07/25/2017 06:04
Exact Sciences Corporation,EXAS,NASDAQ -CM,Exceeded,07-25-2017,Jun 2017,-0.27 ,-0.37 ,7 ,27.03 ,07/25/2017 06:04
"Heritage-Crystal Clean, Inc.",HCCI,NASDAQ -GS,Exceeded,07-25-2017,Jun 2017,0.19 ,0.15 ,5 ,26.67 ,07/25/2017 06:04
MutualFirst Financial Inc.,MFSF,NASDAQ -GM,Exceeded,07-25-2017,Jun 2017,0.52 ,0.42 ,2 ,23.81 ,07/25/2017 06:04
Centene Corporation,CNC,NYSE,Exceeded,07-25-2017,Jun 2017,1.59 ,1.3 ,10 ,22.31 ,07/25/2017 06:04
"Meridian Bancorp, Inc.",EBSB,NASDAQ -GS,Exceeded,07-25-2017,Jun 2017,0.22 ,0.18 ,1 ,22.22 ,07/25/2017 06:04
"Shutterfly, Inc.",SFLY,NASDAQ -GS,Exceeded,07-25-2017,Jun 2017,-0.44 ,-0.56 ,3 ,21.43 ,07/25/2017 06:04
"Computer Task Group, Incorporated",CTG,NASDAQ -GS,Exceeded,07-25-2017,Jun 2017,0.06 ,0.05 ,2 ,20 ,07/25/2017 06:04
"Celestica, Inc.",CLS,NYSE,Exceeded,07-25-2017,Jun 2017,0.24 ,0.2 ,1 ,20 ,07/25/2017 06:04
"Chegg, Inc.",CHGG,NYSE,Exceeded,07-25-2017,Jun 2017,-0.04 ,-0.05 ,5 ,20 ,07/25/2017 06:04
RenaissanceRe Holdings Ltd.,RNR,NYSE,Exceeded,07-25-2017,Jun 2017,2.79 ,2.33 ,5 ,19.74 ,07/25/2017 06:04
"Caterpillar, Inc.",CAT,NYSE,Exceeded,07-25-2017,Jun 2017,1.49 ,1.26 ,7 ,18.25 ,07/25/2017 06:04
Zions Bancorporation,ZION,NASDAQ -GS,Exceeded,07-25-2017,Jun 2017,0.73 ,0.62 ,11 ,17.74 ,07/25/2017 06:04
"Western Gas Equity Partners, LP",WGP,NYSE,Exceeded,07-25-2017,Jun 2017,0.48 ,0.41 ,1 ,17.07 ,07/25/2017 06:04
"Juniper Networks, Inc.",JNPR,NYSE,Exceeded,07-25-2017,Jun 2017,0.49 ,0.42 ,8 ,16.67 ,07/25/2017 06:04
"CenterState Banks, Inc.",CSFL,NASDAQ -GS,Exceeded,07-25-2017,Jun 2017,0.37 ,0.32 ,2 ,15.63 ,07/25/2017 06:04
Biogen Inc.,BIIB,NASDAQ -GS,Exceeded,07-25-2017,Jun 2017,5.04 ,4.36 ,22 ,15.6 ,07/25/2017 06:04
Dolby Laboratories,DLB,NYSE,Exceeded,07-25-2017,Jun 2017,0.75 ,0.65 ,6 ,15.38 ,07/25/2017 06:04
Peoples Bancorp Inc.,PEBO,NASDAQ -GS,Exceeded,07-25-2017,Jun 2017,0.53 ,0.46 ,3 ,15.22 ,07/25/2017 06:04
Flushing Financial Corporation,FFIC,NASDAQ -GS,Exceeded,07-25-2017,Jun 2017,0.46 ,0.4 ,1 ,15 ,07/25/2017 06:04
"Flagstar Bancorp, Inc.",FBC,NYSE,Exceeded,07-25-2017,Jun 2017,0.71 ,0.62 ,4 ,14.52 ,07/25/2017 06:04
Chemed Corp.,CHE,NYSE,Exceeded,07-25-2017,Jun 2017,2.15 ,1.88 ,1 ,14.36 ,07/25/2017 06:04
JetBlue Airways Corporation,JBLU,NASDAQ -GS,Exceeded,07-25-2017,Jun 2017,0.64 ,0.56 ,9 ,14.29 ,07/25/2017 06:04
Atlantic Coast Financial Corporation,ACFC,NASDAQ -GM,Exceeded,07-25-2017,Jun 2017,0.08 ,0.07 ,1 ,14.29 ,07/25/2017 06:04
MidSouth Bancorp,MSL,NYSE,Exceeded,07-25-2017,Jun 2017,-0.38 ,-0.44 ,1 ,13.64 ,07/25/2017 06:04
"Houlihan Lokey, Inc.",HLI,NYSE,Exceeded,07-25-2017,Jun 2017,0.5 ,0.44 ,1 ,13.64 ,07/25/2017 06:04
"Superior Energy Services, Inc.",SPN,NYSE,Exceeded,07-25-2017,Jun 2017,-0.41 ,-0.47 ,9 ,12.77 ,07/25/2017 06:04
"FCB Financial Holdings, Inc.",FCB,NYSE,Exceeded,07-25-2017,Jun 2017,0.71 ,0.63 ,4 ,12.7 ,07/25/2017 06:04
Capella Education Company,CPLA,NASDAQ -GS,Exceeded,07-25-2017,Jun 2017,0.9 ,0.8 ,3 ,12.5 ,07/25/2017 06:04
"CoreLogic, Inc.",CLGX,NYSE,Exceeded,07-25-2017,Jun 2017,0.65 ,0.58 ,6 ,12.07 ,07/25/2017 06:04
Altra Industrial Motion Corp.,AIMC,NASDAQ -GS,Exceeded,07-25-2017,Jun 2017,0.57 ,0.51 ,3 ,11.76 ,07/25/2017 06:04
TransUnion,TRU,NYSE,Exceeded,07-25-2017,Jun 2017,0.43 ,0.39 ,6 ,10.26 ,07/25/2017 06:04
Avery Dennison Corporation,AVY,NYSE,Exceeded,07-25-2017,Jun 2017,1.31 ,1.19 ,4 ,10.08 ,07/25/2017 06:04
Quest Diagnostics Incorporated,DGX,NYSE,Exceeded,07-25-2017,Jun 2017,1.55 ,1.41 ,12 ,9.93 ,07/25/2017 06:04
General Motors Company,GM,NYSE,Exceeded,07-25-2017,Jun 2017,1.89 ,1.72 ,8 ,9.88 ,07/25/2017 06:04
Riverview Bancorp Inc,RVSB,NASDAQ -GS,Exceeded,07-25-2017,Jun 2017,0.12 ,0.11 ,1 ,9.09 ,07/25/2017 06:04
Lakeland Financial Corporation,LKFN,NASDAQ -GS,Exceeded,07-25-2017,Jun 2017,0.6 ,0.55 ,3 ,9.09 ,07/25/2017 06:04
Pacific Premier Bancorp Inc,PPBI,NASDAQ -GS,Exceeded,07-25-2017,Jun 2017,0.51 ,0.47 ,5 ,8.51 ,07/25/2017 06:04
Texas Instruments Incorporated,TXN,NASDAQ -GS,Exceeded,07-25-2017,Jun 2017,1.03 ,0.95 ,14 ,8.42 ,07/25/2017 06:04
"Wynn Resorts, Limited",WYNN,NASDAQ -GS,Exceeded,07-25-2017,Jun 2017,1.18 ,1.09 ,5 ,8.26 ,07/25/2017 06:04
Domino's Pizza Inc,DPZ,NYSE,Exceeded,07-25-2017,Jun 2017,1.32 ,1.22 ,5 ,8.2 ,07/25/2017 06:04
"Total System Services, Inc.",TSS,NYSE,Exceeded,07-25-2017,Jun 2017,0.82 ,0.76 ,8 ,7.89 ,07/25/2017 06:04
Hubbell Inc,HUBB,NYSE,Exceeded,07-25-2017,Jun 2017,1.51 ,1.4 ,4 ,7.86 ,07/25/2017 06:04
"Franklin Electric Co., Inc.",FELE,NASDAQ -GS,Exceeded,07-25-2017,Jun 2017,0.58 ,0.54 ,3 ,7.41 ,07/25/2017 06:04
Old National Bancorp,ONB,NASDAQ -GS,Exceeded,07-25-2017,Jun 2017,0.29 ,0.27 ,4 ,7.41 ,07/25/2017 06:04
"Chipotle Mexican Grill, Inc.",CMG,NYSE,Exceeded,07-25-2017,Jun 2017,2.32 ,2.16 ,16 ,7.41 ,07/25/2017 06:04
PACCAR Inc.,PCAR,NASDAQ -GS,Exceeded,07-25-2017,Jun 2017,1.06 ,0.99 ,9 ,7.07 ,07/25/2017 06:04
E.I. du Pont de Nemours and Company,DD,NYSE,Exceeded,07-25-2017,Jun 2017,1.38 ,1.29 ,7 ,6.98 ,07/25/2017 06:04
"AMERIPRISE FINANCIAL SERVICES, INC.",AMP,NYSE,Exceeded,07-25-2017,Jun 2017,2.8 ,2.62 ,3 ,6.87 ,07/25/2017 06:04
Trustmark Corporation,TRMK,NASDAQ -GS,Exceeded,07-25-2017,Jun 2017,0.47 ,0.44 ,3 ,6.82 ,07/25/2017 06:04
McDonald's Corporation,MCD,NYSE,Exceeded,07-25-2017,Jun 2017,1.73 ,1.62 ,13 ,6.79 ,07/25/2017 06:04
AT&T Inc.,T,NYSE,Exceeded,07-25-2017,Jun 2017,0.79 ,0.74 ,20 ,6.76 ,07/25/2017 06:04
Eli Lilly and Company,LLY,NYSE,Exceeded,07-25-2017,Jun 2017,1.11 ,1.04 ,8 ,6.73 ,07/25/2017 06:04
"Trinity Industries, Inc.",TRN,NYSE,Exceeded,07-25-2017,Jun 2017,0.33 ,0.31 ,5 ,6.45 ,07/25/2017 06:04
"Home Bancorp, Inc.",HBCP,NASDAQ -GS,Exceeded,07-25-2017,Jun 2017,0.66 ,0.62 ,2 ,6.45 ,07/25/2017 06:04
"Lamb Weston Holdings, Inc.",LW,NYSE,Exceeded,07-25-2017,May 2017,0.51 ,0.48 ,4 ,6.25 ,07/25/2017 06:04
"Highwoods Properties, Inc.",HIW,NYSE,Exceeded,07-25-2017,Jun 2017,0.9 ,0.85 ,8 ,5.88 ,07/25/2017 06:04
Amgen Inc.,AMGN,NASDAQ -GS,Exceeded,07-25-2017,Jun 2017,3.27 ,3.09 ,11 ,5.83 ,07/25/2017 06:04
"Monarch Casino & Resort, Inc.",MCRI,NASDAQ -GS,Exceeded,07-25-2017,Jun 2017,0.4 ,0.38 ,1 ,5.26 ,07/25/2017 06:04
Costamare Inc.,CMRE,NYSE,Exceeded,07-25-2017,Jun 2017,0.21 ,0.2 ,5 ,5 ,07/25/2017 06:04
Liberty Property Trust,LPT,NYSE,Exceeded,07-25-2017,Jun 2017,0.65 ,0.62 ,6 ,4.84 ,07/25/2017 06:04
First Bancorp,FBNC,NASDAQ -GS,Exceeded,07-25-2017,Jun 2017,0.45 ,0.43 ,3 ,4.65 ,07/25/2017 06:04
"DXP Enterprises, Inc.",DXPE,NASDAQ -GS,Exceeded,07-25-2017,Jun 2017,0.23 ,0.22 ,1 ,4.55 ,07/25/2017 06:04
Charter Financial Corp.,CHFN,NASDAQ -CM,Exceeded,07-25-2017,Jun 2017,0.23 ,0.22 ,1 ,4.55 ,07/25/2017 06:04
United Technologies Corporation,UTX,NYSE,Exceeded,07-25-2017,Jun 2017,1.85 ,1.77 ,10 ,4.52 ,07/25/2017 06:04
"PulteGroup, Inc.",PHM,NYSE,Exceeded,07-25-2017,Jun 2017,0.47 ,0.45 ,6 ,4.44 ,07/25/2017 06:04
"MainSource Financial Group, Inc.",MSFG,NASDAQ -GS,Exceeded,07-25-2017,Jun 2017,0.53 ,0.51 ,1 ,3.92 ,07/25/2017 06:04
Sensata Technologies Holding N.V.,ST,NYSE,Exceeded,07-25-2017,Jun 2017,0.81 ,0.78 ,7 ,3.85 ,07/25/2017 06:04
"Waste Connections, Inc.",WCN,NYSE,Exceeded,07-25-2017,Jun 2017,0.55 ,0.53 ,6 ,3.77 ,07/25/2017 06:04
Carlisle Companies Incorporated,CSL,NYSE,Exceeded,07-25-2017,Jun 2017,1.67 ,1.61 ,5 ,3.73 ,07/25/2017 06:04
"Southwest Bancorp, Inc.",OKSB,NASDAQ -GS,Exceeded,07-25-2017,Jun 2017,0.31 ,0.3 ,3 ,3.33 ,07/25/2017 06:04
"Hawaiian Holdings, Inc.",HA,NASDAQ -GS,Exceeded,07-25-2017,Jun 2017,1.58 ,1.53 ,7 ,3.27 ,07/25/2017 06:04
"Lincoln Electric Holdings, Inc.",LECO,NASDAQ -GS,Exceeded,07-25-2017,Jun 2017,0.97 ,0.94 ,8 ,3.19 ,07/25/2017 06:04
Acadia Realty Trust,AKR,NYSE,Exceeded,07-25-2017,Jun 2017,0.37 ,0.36 ,4 ,2.78 ,07/25/2017 06:04
"Watsco, Inc.",WSO,NYSE,Exceeded,07-25-2017,Jun 2017,2.07 ,2.02 ,7 ,2.48 ,07/25/2017 06:04
First Busey Corporation,BUSE,NASDAQ -GS,Exceeded,07-25-2017,Jun 2017,0.43 ,0.42 ,5 ,2.38 ,07/25/2017 06:04
Waters Corporation,WAT,NYSE,Exceeded,07-25-2017,Jun 2017,1.76 ,1.72 ,12 ,2.33 ,07/25/2017 06:04
"PS Business Parks, Inc.",PSB,NYSE,Exceeded,07-25-2017,Jun 2017,1.55 ,1.52 ,3 ,1.97 ,07/25/2017 06:04
IDEX Corporation,IEX,NYSE,Exceeded,07-25-2017,Jun 2017,1.08 ,1.06 ,10 ,1.89 ,07/25/2017 06:04
Chemical Financial Corporation,CHFC,NASDAQ -GS,Exceeded,07-25-2017,Jun 2017,0.75 ,0.74 ,5 ,1.35 ,07/25/2017 06:04
Express Scripts Holding Company,ESRX,NASDAQ -GS,Exceeded,07-25-2017,Jun 2017,1.73 ,1.71 ,12 ,1.17 ,07/25/2017 06:04
"T. Rowe Price Group, Inc.",TROW,NASDAQ -GS,Exceeded,07-25-2017,Jun 2017,1.28 ,1.27 ,4 ,0.79 ,07/25/2017 06:04
D/B/A Chubb Limited New,CB,NYSE,Exceeded,07-25-2017,Jun 2017,2.5 ,2.49 ,8 ,0.4 ,07/25/2017 06:04
Capital City Bank Group,CCBG,NASDAQ -GS,Met,07-25-2017,Jun 2017,0.21 ,0.21 ,1 ,0 ,07/25/2017 06:04
Graphic Packaging Holding Company,GPK,NYSE,Met,07-25-2017,Jun 2017,0.15 ,0.15 ,6 ,0 ,07/25/2017 06:04
"MKS Instruments, Inc.",MKSI,NASDAQ -GS,Met,07-25-2017,Jun 2017,1.41 ,1.41 ,6 ,0 ,07/25/2017 06:04
Canadian National Railway Company,CNI,NYSE,Met,07-25-2017,Jun 2017,1 ,1 ,10 ,0 ,07/25/2017 06:04
Equity Residential,EQR,NYSE,Met,07-25-2017,Jun 2017,0.77 ,0.77 ,9 ,0 ,07/25/2017 06:04
Two River Bancorp,TRCB,NASDAQ -GM,Met,07-25-2017,Jun 2017,0.23 ,0.23 ,1 ,0 ,07/25/2017 06:04
"Covenant Transportation Group, Inc.",CVTI,NASDAQ -GS,Met,07-25-2017,Jun 2017,0.08 ,0.08 ,3 ,0 ,07/25/2017 06:04
Landec Corporation,LNDC,NASDAQ -GS,Met,07-25-2017,May 2017,0.09 ,0.09 ,4 ,0 ,07/25/2017 06:04
Bank of N.T. Butterfield & Son Limited (The),NTB,NYSE,Met,07-25-2017,Jun 2017,0.67 ,0.67 ,2 ,0 ,07/25/2017 06:04
"QTS Realty Trust, Inc.",QTS,NYSE,Met,07-25-2017,Jun 2017,0.63 ,0.63 ,10 ,0 ,07/25/2017 06:04
Sterling Bancorp,STL,NYSE,Met,07-25-2017,Jun 2017,0.33 ,0.33 ,3 ,0 ,07/25/2017 06:04
"EastGroup Properties, Inc.",EGP,NYSE,Met,07-25-2017,Jun 2017,1.05 ,1.05 ,7 ,0 ,07/25/2017 06:04
Anixter International Inc.,AXE,NYSE,Met,07-25-2017,Jun 2017,1.36 ,1.36 ,3 ,0 ,07/25/2017 06:04
National Commerce Corporation,NCOM,NASDAQ -GS,Met,07-25-2017,Jun 2017,0.48 ,0.48 ,3 ,0 ,07/25/2017 06:04
Pentair plc.,PNR,NYSE,Met,07-25-2017,Jun 2017,1 ,1 ,11 ,0 ,07/25/2017 06:04
PolyOne Corporation,POL,NYSE,Met,07-25-2017,Jun 2017,0.63 ,0.63 ,2 ,0 ,07/25/2017 06:04
3M Company,MMM,NYSE,Failed,07-25-2017,Jun 2017,2.58 ,2.59 ,7 ,-0.39 ,07/25/2017 06:04
Kimberly-Clark Corporation,KMB,NYSE,Failed,07-25-2017,Jun 2017,1.49 ,1.5 ,5 ,-0.67 ,07/25/2017 06:04
"Euronet Worldwide, Inc.",EEFT,NASDAQ -GS,Failed,07-25-2017,Jun 2017,1.01 ,1.02 ,3 ,-0.98 ,07/25/2017 06:04
First Financial Corporation Indiana,THFF,NASDAQ -GS,Failed,07-25-2017,Jun 2017,0.68 ,0.69 ,2 ,-1.45 ,07/25/2017 06:04
Camden National Corporation,CAC,NASDAQ -GS,Failed,07-25-2017,Jun 2017,0.66 ,0.67 ,1 ,-1.49 ,07/25/2017 06:04
Robert Half International Inc.,RHI,NYSE,Failed,07-25-2017,Jun 2017,0.64 ,0.65 ,6 ,-1.54 ,07/25/2017 06:04
"Southern First Bancshares, Inc.",SFST,NASDAQ -GM,Failed,07-25-2017,Jun 2017,0.49 ,0.5 ,1 ,-2 ,07/25/2017 06:04
UMB Financial Corporation,UMBF,NASDAQ -GS,Failed,07-25-2017,Jun 2017,0.9 ,0.92 ,5 ,-2.17 ,07/25/2017 06:04
"Akamai Technologies, Inc.",AKAM,NASDAQ -GS,Failed,07-25-2017,Jun 2017,0.43 ,0.44 ,12 ,-2.27 ,07/25/2017 06:04
Hersha Hospitality Trust,HT,NYSE,Failed,07-25-2017,Jun 2017,0.77 ,0.79 ,7 ,-2.53 ,07/25/2017 06:04
First Financial Bancorp.,FFBC,NASDAQ -GS,Failed,07-25-2017,Jun 2017,0.37 ,0.38 ,4 ,-2.63 ,07/25/2017 06:04
"First Midwest Bancorp, Inc.",FMBI,NASDAQ -GS,Failed,07-25-2017,Jun 2017,0.35 ,0.36 ,7 ,-2.78 ,07/25/2017 06:04
Select Income REIT,SIR,NASDAQ -GS,Failed,07-25-2017,Jun 2017,0.7 ,0.72 ,3 ,-2.78 ,07/25/2017 06:04
"HCA Healthcare, Inc.",HCA,NYSE,Failed,07-25-2017,Jun 2017,1.75 ,1.8 ,12 ,-2.78 ,07/25/2017 06:04
Redhill Biopharma Ltd.,RDHL,NASDAQ -CM,Failed,07-25-2017,Jun 2017,-0.6 ,-0.58 ,3 ,-3.45 ,07/25/2017 06:04
Asbury Automotive Group Inc,ABG,NYSE,Failed,07-25-2017,Jun 2017,1.58 ,1.67 ,7 ,-5.39 ,07/25/2017 06:04
"Hope Bancorp, Inc.",HOPE,NASDAQ -GS,Failed,07-25-2017,Jun 2017,0.3 ,0.32 ,5 ,-6.25 ,07/25/2017 06:04
"Universal Health Services, Inc.",UHS,NYSE,Failed,07-25-2017,Jun 2017,1.94 ,2.07 ,9 ,-6.28 ,07/25/2017 06:04
"Capital Trust, Inc.",BXMT,NYSE,Failed,07-25-2017,Jun 2017,0.54 ,0.58 ,3 ,-6.9 ,07/25/2017 06:04
"Western Gas Partners, LP",WES,NYSE,Failed,07-25-2017,Jun 2017,0.49 ,0.53 ,7 ,-7.55 ,07/25/2017 06:04
"Nord Anglia Education, Inc.",NORD,NYSE,Failed,07-25-2017,May 2017,0.28 ,0.31 ,1 ,-9.68 ,07/25/2017 06:04
SuperValu Inc.,SVU,NYSE,Failed,07-25-2017,May 2017,0.09 ,0.1 ,4 ,-10 ,07/25/2017 06:04
Wabash National Corporation,WNC,NYSE,Failed,07-25-2017,Jun 2017,0.37 ,0.42 ,4 ,-11.9 ,07/25/2017 06:04
"Invuity, Inc.",IVTY,NASDAQ -GM,Failed,07-25-2017,Jun 2017,-0.61 ,-0.54 ,6 ,-12.96 ,07/25/2017 06:04
"Allegiance Bancshares, Inc.",ABTX,NASDAQ -GM,Failed,07-25-2017,Jun 2017,0.4 ,0.46 ,1 ,-13.04 ,07/25/2017 06:04
"SmartFinancial, Inc.",SMBK,NASDAQ -CM,Failed,07-25-2017,Jun 2017,0.2 ,0.23 ,1 ,-13.04 ,07/25/2017 06:04
Fomento Economico Mexicano S.A.B. de C.V.,FMX,NYSE,Failed,07-25-2017,Jun 2017,0.72 ,0.83 ,2 ,-13.25 ,07/25/2017 06:04
W.R. Berkley Corporation,WRB,NYSE,Failed,07-25-2017,Jun 2017,0.65 ,0.75 ,5 ,-13.33 ,07/25/2017 06:04
Westinghouse Air Brake Technologies Corporation,WAB,NYSE,Failed,07-25-2017,Jun 2017,0.8 ,0.94 ,7 ,-14.89 ,07/25/2017 06:04
"Freeport-McMoran, Inc.",FCX,NYSE,Failed,07-25-2017,Jun 2017,0.17 ,0.2 ,9 ,-15 ,07/25/2017 06:04
"Financial Institutions, Inc.",FISI,NASDAQ -GS,Failed,07-25-2017,Jun 2017,0.4 ,0.48 ,1 ,-16.67 ,07/25/2017 06:04
"McDermott International, Inc.",MDR,NYSE,Failed,07-25-2017,Jun 2017,0.13 ,0.16 ,3 ,-18.75 ,07/25/2017 06:04
"Interpublic Group of Companies, Inc. (The)",IPG,NYSE,Failed,07-25-2017,Jun 2017,0.27 ,0.34 ,4 ,-20.59 ,07/25/2017 06:04
"Astec Industries, Inc.",ASTE,NASDAQ -GS,Failed,07-25-2017,Jun 2017,0.62 ,0.8 ,5 ,-22.5 ,07/25/2017 06:04
NorthWestern Corporation,NWE,NYSE,Failed,07-25-2017,Jun 2017,0.47 ,0.62 ,3 ,-24.19 ,07/25/2017 06:04
Smart,SFS,NYSE,Failed,07-25-2017,Jun 2017,0.12 ,0.16 ,1 ,-25 ,07/25/2017 06:04
Acme United Corporation.,ACU,AMEX,Failed,07-25-2017,Jun 2017,0.75 ,1 ,1 ,-25 ,07/25/2017 06:04
Seagate Technology PLC,STX,NASDAQ -GS,Failed,07-25-2017,Jun 2017,0.65 ,0.99 ,11 ,-34.34 ,07/25/2017 06:04
"Commvault Systems, Inc.",CVLT,NASDAQ -GS,Failed,07-25-2017,Jun 2017,-0.06 ,-0.03 ,7 ,-100 ,07/25/2017 06:04
"JAKKS Pacific, Inc.",JAKK,NASDAQ -GS,Failed,07-25-2017,Jun 2017,-0.66 ,-0.24 ,3 ,-175 ,07/25/2017 06:04
Vermilion Energy Inc.,VET,NYSE,Exceeded,07-26-2017,Jun 2017,0.3 ,-0.07 ,1 ,528.57 ,07/26/2017 18:01
Imax Corporation,IMAX,NYSE,Exceeded,07-26-2017,Jun 2017,0.08 ,-0.02 ,4 ,500 ,07/26/2017 18:01
"Oceaneering International, Inc.",OII,NYSE,Exceeded,07-26-2017,Jun 2017,0.02 ,-0.02 ,10 ,200 ,07/26/2017 18:01
Martin Midstream Partners L.P.,MMLP,NASDAQ -GS,Exceeded,07-26-2017,Jun 2017,0.03 ,-0.05 ,6 ,160 ,07/26/2017 18:01
"Limelight Networks, Inc.",LLNW,NASDAQ -GS,Exceeded,07-26-2017,Jun 2017,0 ,-0.01 ,3 ,100 ,07/26/2017 18:01
"CoStar Group, Inc.",CSGP,NASDAQ -GS,Exceeded,07-26-2017,Jun 2017,0.77 ,0.43 ,4 ,79.07 ,07/26/2017 18:01
"Fortinet, Inc.",FTNT,NASDAQ -GS,Exceeded,07-26-2017,Jun 2017,0.14 ,0.08 ,8 ,75 ,07/26/2017 18:01
Anika Therapeutics Inc.,ANIK,NASDAQ -GS,Exceeded,07-26-2017,Jun 2017,0.76 ,0.45 ,2 ,68.89 ,07/26/2017 18:01
Vertex Pharmaceuticals Incorporated,VRTX,NASDAQ -GS,Exceeded,07-26-2017,Jun 2017,0.1 ,0.06 ,8 ,66.67 ,07/26/2017 18:01
Orrstown Financial Services Inc,ORRF,NASDAQ -CM,Exceeded,07-26-2017,Jun 2017,0.4 ,0.25 ,1 ,60 ,07/26/2017 18:01
Markel Corporation,MKL,NYSE,Exceeded,07-26-2017,Jun 2017,9.94 ,6.27 ,3 ,58.53 ,07/26/2017 18:01
"Legg Mason, Inc.",LM,NYSE,Exceeded,07-26-2017,Jun 2017,0.66 ,0.43 ,4 ,53.49 ,07/26/2017 18:01
Agnico Eagle Mines Limited,AEM,NYSE,Exceeded,07-26-2017,Jun 2017,0.26 ,0.17 ,5 ,52.94 ,07/26/2017 18:01
Knowles Corporation,KN,NYSE,Exceeded,07-26-2017,Jun 2017,0.06 ,0.04 ,4 ,50 ,07/26/2017 18:01
Kraton Corporation,KRA,NYSE,Exceeded,07-26-2017,Jun 2017,0.82 ,0.55 ,2 ,49.09 ,07/26/2017 18:01
"RPC, Inc.",RES,NYSE,Exceeded,07-26-2017,Jun 2017,0.2 ,0.14 ,9 ,42.86 ,07/26/2017 18:01
Ophthotech Corporation,OPHT,NASDAQ -GS,Exceeded,07-26-2017,Jun 2017,-0.62 ,-1.07 ,3 ,42.06 ,07/26/2017 18:01
"Rush Enterprises, Inc.",RUSHA,NASDAQ -GS,Exceeded,07-26-2017,Jun 2017,0.54 ,0.39 ,3 ,38.46 ,07/26/2017 18:01
"QEP Resources, Inc.",QEP,NYSE,Exceeded,07-26-2017,Jun 2017,-0.12 ,-0.19 ,10 ,36.84 ,07/26/2017 18:01
First Foundation Inc.,FFWM,NASDAQ -GM,Exceeded,07-26-2017,Jun 2017,0.28 ,0.21 ,4 ,33.33 ,07/26/2017 18:01
NutriSystem Inc,NTRI,NASDAQ -GS,Exceeded,07-26-2017,Jun 2017,0.8 ,0.61 ,3 ,31.15 ,07/26/2017 18:01
"Universal Stainless & Alloy Products, Inc.",USAP,NASDAQ -GS,Exceeded,07-26-2017,Jun 2017,0.17 ,0.13 ,1 ,30.77 ,07/26/2017 18:01
Brink's Company (The),BCO,NYSE,Exceeded,07-26-2017,Jun 2017,0.64 ,0.49 ,2 ,30.61 ,07/26/2017 18:01
Graco Inc.,GGG,NYSE,Exceeded,07-26-2017,Jun 2017,1.38 ,1.06 ,8 ,30.19 ,07/26/2017 18:01
Getty Realty Corporation,GTY,NYSE,Exceeded,07-26-2017,Jun 2017,0.53 ,0.41 ,1 ,29.27 ,07/26/2017 18:01
FirstService Corporation,FSV,NASDAQ -GS,Exceeded,07-26-2017,Jun 2017,0.5 ,0.39 ,1 ,28.21 ,07/26/2017 18:01
Ford Motor Company,F,NYSE,Exceeded,07-26-2017,Jun 2017,0.56 ,0.44 ,9 ,27.27 ,07/26/2017 18:01
"Forrester Research, Inc.",FORR,NASDAQ -GS,Exceeded,07-26-2017,Jun 2017,0.34 ,0.27 ,2 ,25.93 ,07/26/2017 18:01
"Customers Bancorp, Inc",CUBI,NYSE,Exceeded,07-26-2017,Jun 2017,0.78 ,0.62 ,2 ,25.81 ,07/26/2017 18:01
"Merit Medical Systems, Inc.",MMSI,NASDAQ -GS,Exceeded,07-26-2017,Jun 2017,0.36 ,0.29 ,6 ,24.14 ,07/26/2017 18:01
Amedisys Inc,AMED,NASDAQ -GS,Exceeded,07-26-2017,Jun 2017,0.62 ,0.5 ,5 ,24 ,07/26/2017 18:01
Edwards Lifesciences Corporation,EW,NYSE,Exceeded,07-26-2017,Jun 2017,1.08 ,0.88 ,11 ,22.73 ,07/26/2017 18:01
"Boston Private Financial Holdings, Inc.",BPFH,NASDAQ -GS,Exceeded,07-26-2017,Jun 2017,0.27 ,0.22 ,4 ,22.73 ,07/26/2017 18:01
Heritage Financial Corporation,HFWA,NASDAQ -GS,Exceeded,07-26-2017,Jun 2017,0.39 ,0.32 ,4 ,21.88 ,07/26/2017 18:01
"CNO Financial Group, Inc.",CNO,NYSE,Exceeded,07-26-2017,Jun 2017,0.45 ,0.37 ,3 ,21.62 ,07/26/2017 18:01
AudioCodes Ltd.,AUDC,NASDAQ -GS,Exceeded,07-26-2017,Jun 2017,0.06 ,0.05 ,2 ,20 ,07/26/2017 18:01
Marine Products Corporation,MPX,NYSE,Exceeded,07-26-2017,Jun 2017,0.18 ,0.15 ,1 ,20 ,07/26/2017 18:01
"Northfield Bancorp, Inc.",NFBK,NASDAQ -GS,Exceeded,07-26-2017,Jun 2017,0.18 ,0.15 ,1 ,20 ,07/26/2017 18:01
Goldcorp Inc.,GG,NYSE,Exceeded,07-26-2017,Jun 2017,0.12 ,0.1 ,7 ,20 ,07/26/2017 18:01
Hershey Company (The),HSY,NYSE,Exceeded,07-26-2017,Jun 2017,1.09 ,0.91 ,6 ,19.78 ,07/26/2017 18:01
Las Vegas Sands Corp.,LVS,NYSE,Exceeded,07-26-2017,Jun 2017,0.73 ,0.61 ,6 ,19.67 ,07/26/2017 18:01
"Gilead Sciences, Inc.",GILD,NASDAQ -GS,Exceeded,07-26-2017,Jun 2017,2.51 ,2.11 ,5 ,18.96 ,07/26/2017 18:01
CNH Industrial N.V.,CNHI,NYSE,Exceeded,07-26-2017,Jun 2017,0.19 ,0.16 ,6 ,18.75 ,07/26/2017 18:01
TechnipFMC plc,FTI,NYSE,Exceeded,07-26-2017,Jun 2017,0.45 ,0.38 ,22 ,18.42 ,07/26/2017 18:01
"MINDBODY, Inc.",MB,NASDAQ -GM,Exceeded,07-26-2017,Jun 2017,-0.09 ,-0.11 ,5 ,18.18 ,07/26/2017 18:01
"Facebook, Inc.",FB,NASDAQ -GS,Exceeded,07-26-2017,Jun 2017,1.32 ,1.13 ,14 ,16.81 ,07/26/2017 18:01
ENSCO plc,ESV,NYSE,Exceeded,07-26-2017,Jun 2017,-0.1 ,-0.12 ,11 ,16.67 ,07/26/2017 18:01
Service Corporation International,SCI,NYSE,Exceeded,07-26-2017,Jun 2017,0.35 ,0.3 ,3 ,16.67 ,07/26/2017 18:01
Curtiss-Wright Corporation,CW,NYSE,Exceeded,07-26-2017,Jun 2017,1.13 ,0.97 ,6 ,16.49 ,07/26/2017 18:01
"CAI International, Inc.",CAI,NYSE,Exceeded,07-26-2017,Jun 2017,0.65 ,0.56 ,3 ,16.07 ,07/26/2017 18:01
"New York Community Bancorp, Inc.",NYCB,NYSE,Exceeded,07-26-2017,Jun 2017,0.22 ,0.19 ,9 ,15.79 ,07/26/2017 18:01
"Xenith Bankshares, Inc.",XBKS,NASDAQ -GS,Exceeded,07-26-2017,Jun 2017,0.31 ,0.27 ,1 ,14.81 ,07/26/2017 18:01
"Grupo Aeroportuario Del Pacifico, S.A. de C.V.",PAC,NYSE,Exceeded,07-26-2017,Jun 2017,1.09 ,0.95 ,1 ,14.74 ,07/26/2017 18:01
Astoria Financial Corporation,AF,NYSE,Exceeded,07-26-2017,Jun 2017,0.16 ,0.14 ,1 ,14.29 ,07/26/2017 18:01
"Silicon Laboratories, Inc.",SLAB,NASDAQ -GS,Exceeded,07-26-2017,Jun 2017,0.57 ,0.5 ,5 ,14 ,07/26/2017 18:01
AGNC Investment Corp.,AGNC,NASDAQ -GS,Exceeded,07-26-2017,Jun 2017,0.67 ,0.59 ,4 ,13.56 ,07/26/2017 18:01
Owens Corning Inc,OC,NYSE,Exceeded,07-26-2017,Jun 2017,1.2 ,1.06 ,10 ,13.21 ,07/26/2017 18:01
Univest Corporation of Pennsylvania,UVSP,NASDAQ -GS,Exceeded,07-26-2017,Jun 2017,0.44 ,0.39 ,1 ,12.82 ,07/26/2017 18:01
Amphenol Corporation,APH,NYSE,Exceeded,07-26-2017,Jun 2017,0.81 ,0.72 ,6 ,12.5 ,07/26/2017 18:01
Ferro Corporation,FOE,NYSE,Exceeded,07-26-2017,Jun 2017,0.37 ,0.33 ,4 ,12.12 ,07/26/2017 18:01
"Live Oak Bancshares, Inc.",LOB,NASDAQ -GS,Exceeded,07-26-2017,Jun 2017,0.28 ,0.25 ,1 ,12 ,07/26/2017 18:01
Employers Holdings Inc,EIG,NYSE,Exceeded,07-26-2017,Jun 2017,0.6 ,0.54 ,1 ,11.11 ,07/26/2017 18:01
Northrop Grumman Corporation,NOC,NYSE,Exceeded,07-26-2017,Jun 2017,3.15 ,2.84 ,9 ,10.92 ,07/26/2017 18:01
Baxter International Inc.,BAX,NYSE,Exceeded,07-26-2017,Jun 2017,0.63 ,0.57 ,9 ,10.53 ,07/26/2017 18:01
First Commonwealth Financial Corporation,FCF,NYSE,Exceeded,07-26-2017,Jun 2017,0.21 ,0.19 ,3 ,10.53 ,07/26/2017 18:01
Forward Air Corporation,FWRD,NASDAQ -GS,Exceeded,07-26-2017,Jun 2017,0.64 ,0.58 ,6 ,10.34 ,07/26/2017 18:01
"Tyler Technologies, Inc.",TYL,NYSE,Exceeded,07-26-2017,Jun 2017,0.86 ,0.78 ,5 ,10.26 ,07/26/2017 18:01
Barrick Gold Corporation,ABX,NYSE,Exceeded,07-26-2017,Jun 2017,0.22 ,0.2 ,7 ,10 ,07/26/2017 18:01
Boeing Company (The),BA,NYSE,Exceeded,07-26-2017,Jun 2017,2.55 ,2.32 ,10 ,9.91 ,07/26/2017 18:01
"Varian Medical Systems, Inc.",VAR,NYSE,Exceeded,07-26-2017,Jun 2017,1.04 ,0.95 ,4 ,9.47 ,07/26/2017 18:01
Cadence Bancorporation,CADE,NYSE,Exceeded,07-26-2017,Jun 2017,0.35 ,0.32 ,4 ,9.38 ,07/26/2017 18:01
"PayPal Holdings, Inc.",PYPL,NASDAQ -GS,Exceeded,07-26-2017,Jun 2017,0.36 ,0.33 ,12 ,9.09 ,07/26/2017 18:01
"M/I Homes, Inc.",MHO,NYSE,Exceeded,07-26-2017,Jun 2017,0.73 ,0.67 ,1 ,8.96 ,07/26/2017 18:01
"NETGEAR, Inc.",NTGR,NASDAQ -GS,Exceeded,07-26-2017,Jun 2017,0.49 ,0.45 ,2 ,8.89 ,07/26/2017 18:01
"MarketAxess Holdings, Inc.",MKTX,NASDAQ -GS,Exceeded,07-26-2017,Jun 2017,1 ,0.92 ,2 ,8.7 ,07/26/2017 18:01
"On Assignment, Inc.",ASGN,NYSE,Exceeded,07-26-2017,Jun 2017,0.78 ,0.72 ,5 ,8.33 ,07/26/2017 18:01
"Unifi, Inc.",UFI,NYSE,Exceeded,07-26-2017,Jun 2017,0.52 ,0.48 ,1 ,8.33 ,07/26/2017 18:01
DTE Energy Company,DTE,NYSE,Exceeded,07-26-2017,Jun 2017,1.07 ,0.99 ,4 ,8.08 ,07/26/2017 18:01
"Speedway Motorsports, Inc.",TRK,NYSE,Exceeded,07-26-2017,Jun 2017,0.68 ,0.63 ,1 ,7.94 ,07/26/2017 18:01
XL Group Ltd.,XL,NYSE,Exceeded,07-26-2017,Jun 2017,0.96 ,0.89 ,6 ,7.87 ,07/26/2017 18:01
"Blue Hills Bancorp, Inc.",BHBK,NASDAQ -GS,Exceeded,07-26-2017,Jun 2017,0.14 ,0.13 ,1 ,7.69 ,07/26/2017 18:01
"Ryder System, Inc.",R,NYSE,Exceeded,07-26-2017,Jun 2017,1 ,0.93 ,6 ,7.53 ,07/26/2017 18:01
"First Interstate BancSystem, Inc.",FIBK,NASDAQ -GS,Exceeded,07-26-2017,Jun 2017,0.59 ,0.55 ,4 ,7.27 ,07/26/2017 18:01
"Innoviva, Inc.",INVA,NASDAQ -GS,Exceeded,07-26-2017,Jun 2017,0.3 ,0.28 ,3 ,7.14 ,07/26/2017 18:01
DDR Corp.,DDR,NYSE,Exceeded,07-26-2017,Jun 2017,0.3 ,0.28 ,12 ,7.14 ,07/26/2017 18:01
"O'Reilly Automotive, Inc.",ORLY,NASDAQ -GS,Exceeded,07-26-2017,Jun 2017,3.1 ,2.9 ,11 ,6.9 ,07/26/2017 18:01
"Churchill Downs, Incorporated",CHDN,NASDAQ -GS,Exceeded,07-26-2017,Jun 2017,4.81 ,4.5 ,3 ,6.89 ,07/26/2017 18:01
Banner Corporation,BANR,NASDAQ -GS,Exceeded,07-26-2017,Jun 2017,0.78 ,0.73 ,4 ,6.85 ,07/26/2017 18:01
"WEC Energy Group, Inc.",WEC,NYSE,Exceeded,07-26-2017,Jun 2017,0.63 ,0.59 ,6 ,6.78 ,07/26/2017 18:01
"Rockwell Automation, Inc.",ROK,NYSE,Exceeded,07-26-2017,Jun 2017,1.76 ,1.65 ,10 ,6.67 ,07/26/2017 18:01
Duke Realty Corporation,DRE,NYSE,Exceeded,07-26-2017,Jun 2017,0.32 ,0.3 ,7 ,6.67 ,07/26/2017 18:01
"Host Hotels & Resorts, Inc.",HST,NYSE,Exceeded,07-26-2017,Jun 2017,0.49 ,0.46 ,10 ,6.52 ,07/26/2017 18:01
State Street Corporation,STT,NYSE,Exceeded,07-26-2017,Jun 2017,1.67 ,1.57 ,7 ,6.37 ,07/26/2017 18:01
"Nasdaq, Inc.",NDAQ,NASDAQ -GS,Exceeded,07-26-2017,Jun 2017,1.02 ,0.96 ,7 ,6.25 ,07/26/2017 18:01
SJW Group,SJW,NYSE,Exceeded,07-26-2017,Jun 2017,0.68 ,0.64 ,1 ,6.25 ,07/26/2017 18:01
TE Connectivity Ltd.,TEL,NYSE,Exceeded,07-26-2017,Jun 2017,1.24 ,1.17 ,6 ,5.98 ,07/26/2017 18:01
Kite Realty Group Trust,KRG,NYSE,Exceeded,07-26-2017,Jun 2017,0.54 ,0.51 ,7 ,5.88 ,07/26/2017 18:01
"Whole Foods Market, Inc.",WFM,NASDAQ -GS,Exceeded,07-26-2017,Jun 2017,0.36 ,0.34 ,12 ,5.88 ,07/26/2017 18:01
Lear Corporation,LEA,NYSE,Exceeded,07-26-2017,Jun 2017,4.39 ,4.15 ,9 ,5.78 ,07/26/2017 18:01
"NextEra Energy, Inc.",NEE,NYSE,Exceeded,07-26-2017,Jun 2017,1.86 ,1.76 ,5 ,5.68 ,07/26/2017 18:01
"Tower International, Inc.",TOWR,NYSE,Exceeded,07-26-2017,Jun 2017,0.97 ,0.92 ,4 ,5.43 ,07/26/2017 18:01
Statoil ASA,STO,NYSE,Exceeded,07-26-2017,Jun 2017,0.4 ,0.38 ,2 ,5.26 ,07/26/2017 18:01
Whiting Petroleum Corporation,WLL,NYSE,Exceeded,07-26-2017,Jun 2017,-0.18 ,-0.19 ,14 ,5.26 ,07/26/2017 18:01
"BankUnited, Inc.",BKU,NYSE,Exceeded,07-26-2017,Jun 2017,0.6 ,0.57 ,7 ,5.26 ,07/26/2017 18:01
"Meta Financial Group, Inc.",CASH,NASDAQ -GS,Exceeded,07-26-2017,Jun 2017,1.25 ,1.19 ,2 ,5.04 ,07/26/2017 18:01
"Xilinx, Inc.",XLNX,NASDAQ -GS,Exceeded,07-26-2017,Jun 2017,0.63 ,0.6 ,11 ,5 ,07/26/2017 18:01
"TRI Pointe Group, Inc.",TPH,NYSE,Exceeded,07-26-2017,Jun 2017,0.21 ,0.2 ,5 ,5 ,07/26/2017 18:01
Corning Incorporated,GLW,NYSE,Exceeded,07-26-2017,Jun 2017,0.42 ,0.4 ,8 ,5 ,07/26/2017 18:01
"Teradyne, Inc.",TER,NYSE,Exceeded,07-26-2017,Jun 2017,0.9 ,0.86 ,8 ,4.65 ,07/26/2017 18:01
Timken Company (The),TKR,NYSE,Exceeded,07-26-2017,Jun 2017,0.68 ,0.65 ,3 ,4.62 ,07/26/2017 18:01
Norfolk Souther Corporation,NSC,NYSE,Exceeded,07-26-2017,Jun 2017,1.71 ,1.64 ,11 ,4.27 ,07/26/2017 18:01
"Empire State Realty Trust, Inc.",ESRT,NYSE,Exceeded,07-26-2017,Jun 2017,0.25 ,0.24 ,4 ,4.17 ,07/26/2017 18:01
Hilton Worldwide Holdings Inc.,HLT,NYSE,Exceeded,07-26-2017,Jun 2017,0.52 ,0.5 ,10 ,4 ,07/26/2017 18:01
Axis Capital Holdings Limited,AXS,NYSE,Exceeded,07-26-2017,Jun 2017,1.31 ,1.26 ,4 ,3.97 ,07/26/2017 18:01
KapStone Paper and Packaging Corporation,KS,NYSE,Exceeded,07-26-2017,Jun 2017,0.27 ,0.26 ,5 ,3.85 ,07/26/2017 18:01
"CYS Investments, Inc.",CYS,NYSE,Exceeded,07-26-2017,Jun 2017,0.27 ,0.26 ,1 ,3.85 ,07/26/2017 18:01
Laboratory Corporation of America Holdings,LH,NYSE,Exceeded,07-26-2017,Jun 2017,2.47 ,2.38 ,12 ,3.78 ,07/26/2017 18:01
"Anthem, Inc.",ANTM,NYSE,Exceeded,07-26-2017,Jun 2017,3.37 ,3.25 ,9 ,3.69 ,07/26/2017 18:01
SEI Investments Company,SEIC,NASDAQ -GS,Exceeded,07-26-2017,Jun 2017,0.57 ,0.55 ,3 ,3.64 ,07/26/2017 18:01
"Omega Healthcare Investors, Inc.",OHI,NYSE,Exceeded,07-26-2017,Jun 2017,0.87 ,0.84 ,4 ,3.57 ,07/26/2017 18:01
Coca-Cola Company (The),KO,NYSE,Exceeded,07-26-2017,Jun 2017,0.59 ,0.57 ,9 ,3.51 ,07/26/2017 18:01
"Strayer Education, Inc.",STRA,NASDAQ -GS,Exceeded,07-26-2017,Jun 2017,0.92 ,0.89 ,2 ,3.37 ,07/26/2017 18:01
"Interface, Inc.",TILE,NASDAQ -GS,Exceeded,07-26-2017,Jun 2017,0.33 ,0.32 ,4 ,3.13 ,07/26/2017 18:01
BOK Financial Corporation,BOKF,NASDAQ -GS,Exceeded,07-26-2017,Jun 2017,1.35 ,1.31 ,7 ,3.05 ,07/26/2017 18:01
Natus Medical Incorporated,BABY,NASDAQ -GS,Exceeded,07-26-2017,Jun 2017,0.34 ,0.33 ,3 ,3.03 ,07/26/2017 18:01
Lam Research Corporation,LRCX,NASDAQ -GS,Exceeded,07-26-2017,Jun 2017,3.11 ,3.02 ,10 ,2.98 ,07/26/2017 18:01
People's Utah Bancorp,PUB,NASDAQ -CM,Exceeded,07-26-2017,Jun 2017,0.35 ,0.34 ,2 ,2.94 ,07/26/2017 18:01
GlaxoSmithKline PLC,GSK,NYSE,Exceeded,07-26-2017,Jun 2017,0.7 ,0.68 ,3 ,2.94 ,07/26/2017 18:01
Packaging Corporation of America,PKG,NYSE,Exceeded,07-26-2017,Jun 2017,1.52 ,1.48 ,7 ,2.7 ,07/26/2017 18:01
"FLIR Systems, Inc.",FLIR,NASDAQ -GS,Exceeded,07-26-2017,Jun 2017,0.42 ,0.41 ,6 ,2.44 ,07/26/2017 18:01
"Popular, Inc.",BPOP,NASDAQ -GS,Exceeded,07-26-2017,Jun 2017,0.94 ,0.92 ,2 ,2.17 ,07/26/2017 18:01
VCA Inc. ,WOOF,NASDAQ -GS,Exceeded,07-26-2017,Jun 2017,0.96 ,0.94 ,5 ,2.13 ,07/26/2017 18:01
Kirby Corporation,KEX,NYSE,Exceeded,07-26-2017,Jun 2017,0.48 ,0.47 ,6 ,2.13 ,07/26/2017 18:01
"Sun Communities, Inc.",SUI,NYSE,Exceeded,07-26-2017,Jun 2017,0.96 ,0.94 ,3 ,2.13 ,07/26/2017 18:01
"Mid-America Apartment Communities, Inc.",MAA,NYSE,Exceeded,07-26-2017,Jun 2017,1.48 ,1.45 ,7 ,2.07 ,07/26/2017 18:01
Ingersoll-Rand plc (Ireland),IR,NYSE,Exceeded,07-26-2017,Jun 2017,1.49 ,1.46 ,9 ,2.05 ,07/26/2017 18:01
"Equifax, Inc.",EFX,NYSE,Exceeded,07-26-2017,Jun 2017,1.6 ,1.57 ,9 ,1.91 ,07/26/2017 18:01
Torchmark Corporation,TMK,NYSE,Exceeded,07-26-2017,Jun 2017,1.19 ,1.17 ,6 ,1.71 ,07/26/2017 18:01
"Raymond James Financial, Inc.",RJF,NYSE,Exceeded,07-26-2017,Jun 2017,1.26 ,1.24 ,2 ,1.61 ,07/26/2017 18:01
Digimarc Corporation,DMRC,NASDAQ -GS,Exceeded,07-26-2017,Jun 2017,-0.68 ,-0.69 ,4 ,1.45 ,07/26/2017 18:01
"D.R. Horton, Inc.",DHI,NYSE,Exceeded,07-26-2017,Jun 2017,0.76 ,0.75 ,18 ,1.33 ,07/26/2017 18:01
Thermo Fisher Scientific Inc,TMO,NYSE,Exceeded,07-26-2017,Jun 2017,2.3 ,2.27 ,10 ,1.32 ,07/26/2017 18:01
Kilroy Realty Corporation,KRC,NYSE,Exceeded,07-26-2017,Jun 2017,0.87 ,0.86 ,8 ,1.16 ,07/26/2017 18:01
"Landstar System, Inc.",LSTR,NASDAQ -GS,Exceeded,07-26-2017,Jun 2017,0.89 ,0.88 ,9 ,1.14 ,07/26/2017 18:01
Arch Capital Group Ltd.,ACGL,NASDAQ -GS,Exceeded,07-26-2017,Jun 2017,1.21 ,1.2 ,6 ,0.83 ,07/26/2017 18:01
Tupperware Brands Corporation,TUP,NYSE,Exceeded,07-26-2017,Jun 2017,1.21 ,1.2 ,4 ,0.83 ,07/26/2017 18:01
"Alaska Air Group, Inc.",ALK,NYSE,Exceeded,07-26-2017,Jun 2017,2.51 ,2.5 ,9 ,0.4 ,07/26/2017 18:01
General Dynamics Corporation,GD,NYSE,Met,07-26-2017,Jun 2017,2.45 ,2.45 ,9 ,0 ,07/26/2017 18:01
Washington Prime Group Inc.,WPG,NYSE,Met,07-26-2017,Jun 2017,0.4 ,0.4 ,2 ,0 ,07/26/2017 18:01
Ethan Allen Interiors Inc.,ETH,NYSE,Met,07-26-2017,Jun 2017,0.42 ,0.42 ,4 ,0 ,07/26/2017 18:01
"Bloomin' Brands, Inc.",BLMN,NASDAQ -GS,Met,07-26-2017,Jun 2017,0.28 ,0.28 ,8 ,0 ,07/26/2017 18:01
"First Industrial Realty Trust, Inc.",FR,NYSE,Met,07-26-2017,Jun 2017,0.39 ,0.39 ,7 ,0 ,07/26/2017 18:01
"United Community Banks, Inc.",UCBI,NASDAQ -GS,Met,07-26-2017,Jun 2017,0.41 ,0.41 ,3 ,0 ,07/26/2017 18:01
"United Dominion Realty Trust, Inc.",UDR,NYSE,Met,07-26-2017,Jun 2017,0.47 ,0.47 ,8 ,0 ,07/26/2017 18:01
Integra LifeSciences Holdings Corporation,IART,NASDAQ -GS,Met,07-26-2017,Jun 2017,0.45 ,0.45 ,10 ,0 ,07/26/2017 18:01
New Gold Inc.,NGD,AMEX,Met,07-26-2017,Jun 2017,0.02 ,0.02 ,6 ,0 ,07/26/2017 18:01
Valley National Bancorp,VLY,NYSE,Met,07-26-2017,Jun 2017,0.18 ,0.18 ,4 ,0 ,07/26/2017 18:01
Kimco Realty Corporation,KIM,NYSE,Met,07-26-2017,Jun 2017,0.38 ,0.38 ,10 ,0 ,07/26/2017 18:01
"Knight Transportation, Inc.",KNX,NYSE,Met,07-26-2017,Jun 2017,0.25 ,0.25 ,10 ,0 ,07/26/2017 18:01
"BGC Partners, Inc.",BGCP,NASDAQ -GS,Met,07-26-2017,Jun 2017,0.24 ,0.24 ,1 ,0 ,07/26/2017 18:01
"PCM, Inc.",PCMI,NASDAQ -GM,Met,07-26-2017,Jun 2017,0.44 ,0.44 ,1 ,0 ,07/26/2017 18:01
Silgan Holdings Inc.,SLGN,NASDAQ -GS,Met,07-26-2017,Jun 2017,0.35 ,0.35 ,6 ,0 ,07/26/2017 18:01
"MiMedx Group, Inc",MDXG,NASDAQ -CM,Met,07-26-2017,Jun 2017,0.07 ,0.07 ,1 ,0 ,07/26/2017 18:01
AXT Inc,AXTI,NASDAQ -GS,Met,07-26-2017,Jun 2017,0.05 ,0.05 ,5 ,0 ,07/26/2017 18:01
Smith (A.O.) Corporation,AOS,NYSE,Met,07-26-2017,Jun 2017,0.53 ,0.53 ,9 ,0 ,07/26/2017 18:01
Realty Income Corporation,O,NYSE,Met,07-26-2017,Jun 2017,0.76 ,0.76 ,12 ,0 ,07/26/2017 18:01
CONMED Corporation,CNMD,NASDAQ -GS,Met,07-26-2017,Jun 2017,0.41 ,0.41 ,4 ,0 ,07/26/2017 18:01
"Rollins, Inc.",ROL,NYSE,Met,07-26-2017,Jun 2017,0.25 ,0.25 ,1 ,0 ,07/26/2017 18:01
Allegiant Travel Company,ALGT,NASDAQ -GS,Failed,07-26-2017,Jun 2017,2.94 ,2.96 ,8 ,-0.68 ,07/26/2017 18:01
"Prosperity Bancshares, Inc.",PB,NYSE,Failed,07-26-2017,Jun 2017,0.99 ,1 ,10 ,-1 ,07/26/2017 18:01
"Waste Management, Inc.",WM,NYSE,Failed,07-26-2017,Jun 2017,0.81 ,0.82 ,5 ,-1.22 ,07/26/2017 18:01
Stepan Company,SCL,NYSE,Failed,07-26-2017,Jun 2017,1.32 ,1.34 ,2 ,-1.49 ,07/26/2017 18:01
"Franklin Financial Network, Inc.",FSB,NYSE,Failed,07-26-2017,Jun 2017,0.64 ,0.65 ,3 ,-1.54 ,07/26/2017 18:01
Tractor Supply Company,TSCO,NASDAQ -GS,Failed,07-26-2017,Jun 2017,1.25 ,1.27 ,13 ,-1.57 ,07/26/2017 18:01
"Stock Yards Bancorp, Inc.",SYBT,NASDAQ -GS,Failed,07-26-2017,Jun 2017,0.46 ,0.47 ,2 ,-2.13 ,07/26/2017 18:01
"F5 Networks, Inc.",FFIV,NASDAQ -GS,Failed,07-26-2017,Jun 2017,1.55 ,1.59 ,4 ,-2.52 ,07/26/2017 18:01
"Hub Group, Inc.",HUBG,NASDAQ -GS,Failed,07-26-2017,Jun 2017,0.36 ,0.37 ,9 ,-2.7 ,07/26/2017 18:01
Discover Financial Services,DFS,NYSE,Failed,07-26-2017,Jun 2017,1.4 ,1.45 ,9 ,-3.45 ,07/26/2017 18:01
Retail Opportunity Investments Corp.,ROIC,NASDAQ -GS,Failed,07-26-2017,Jun 2017,0.27 ,0.28 ,10 ,-3.57 ,07/26/2017 18:01
Diana Shipping inc.,DSX,NYSE,Failed,07-26-2017,Jun 2017,-0.26 ,-0.25 ,7 ,-4 ,07/26/2017 18:01
Investar Holding Corporation,ISTR,NASDAQ -GM,Failed,07-26-2017,Jun 2017,0.22 ,0.23 ,2 ,-4.35 ,07/26/2017 18:01
Farmers National Banc Corp.,FMNB,NASDAQ -CM,Failed,07-26-2017,Jun 2017,0.21 ,0.22 ,1 ,-4.55 ,07/26/2017 18:01
CPB Inc.,CPF,NYSE,Failed,07-26-2017,Jun 2017,0.39 ,0.41 ,2 ,-4.88 ,07/26/2017 18:01
AVX Corporation,AVX,NYSE,Failed,07-26-2017,Jun 2017,0.19 ,0.2 ,1 ,-5 ,07/26/2017 18:01
Brightcove Inc.,BCOV,NASDAQ -GS,Failed,07-26-2017,Jun 2017,-0.2 ,-0.19 ,4 ,-5.26 ,07/26/2017 18:01
STMicroelectronics N.V.,STM,NYSE,Failed,07-26-2017,Jun 2017,0.17 ,0.18 ,3 ,-5.56 ,07/26/2017 18:01
AU Optronics Corp,AUO,NYSE,Failed,07-26-2017,Jun 2017,0.34 ,0.36 ,1 ,-5.56 ,07/26/2017 18:01
BankFinancial Corporation,BFIN,NASDAQ -GS,Failed,07-26-2017,Jun 2017,0.14 ,0.15 ,2 ,-6.67 ,07/26/2017 18:01
Whirlpool Corporation,WHR,NYSE,Failed,07-26-2017,Jun 2017,3.35 ,3.6 ,4 ,-6.94 ,07/26/2017 18:01
"HomeTrust Bancshares, Inc.",HTBI,NASDAQ -GS,Failed,07-26-2017,Jun 2017,0.25 ,0.27 ,1 ,-7.41 ,07/26/2017 18:01
"Monolithic Power Systems, Inc.",MPWR,NASDAQ -GS,Failed,07-26-2017,Jun 2017,0.36 ,0.39 ,3 ,-7.69 ,07/26/2017 18:01
"Bridge Bancorp, Inc.",BDGE,NASDAQ -GS,Failed,07-26-2017,Jun 2017,0.45 ,0.49 ,1 ,-8.16 ,07/26/2017 18:01
"Bridgepoint Education, Inc.",BPI,NYSE,Failed,07-26-2017,Jun 2017,0.21 ,0.23 ,2 ,-8.7 ,07/26/2017 18:01
"Mellanox Technologies, Ltd.",MLNX,NASDAQ -GS,Failed,07-26-2017,Jun 2017,0.1 ,0.11 ,5 ,-9.09 ,07/26/2017 18:01
Public Storage,PSA,NYSE,Failed,07-26-2017,Jun 2017,2.31 ,2.56 ,10 ,-9.77 ,07/26/2017 18:01
Hess Corporation,HES,NYSE,Failed,07-26-2017,Jun 2017,-1.46 ,-1.32 ,10 ,-10.61 ,07/26/2017 18:01
Regal Entertainment Group,RGC,NYSE,Failed,07-26-2017,Jun 2017,0.16 ,0.18 ,6 ,-11.11 ,07/26/2017 18:01
"Selective Insurance Group, Inc.",SIGI,NASDAQ -GS,Failed,07-26-2017,Jun 2017,0.68 ,0.78 ,2 ,-12.82 ,07/26/2017 18:01
USG Corporation,USG,NYSE,Failed,07-26-2017,Jun 2017,0.44 ,0.51 ,8 ,-13.73 ,07/26/2017 18:01
"Western New England Bancorp, Inc.",WNEB,NASDAQ -GS,Failed,07-26-2017,Jun 2017,0.12 ,0.14 ,2 ,-14.29 ,07/26/2017 18:01
Six Flags Entertainment Corporation New,SIX,NYSE,Failed,07-26-2017,Jun 2017,0.59 ,0.7 ,9 ,-15.71 ,07/26/2017 18:01
"Banc of California, Inc.",BANC,NYSE,Failed,07-26-2017,Jun 2017,0.2 ,0.24 ,6 ,-16.67 ,07/26/2017 18:01
"First Financial Northwest, Inc.",FFNW,NASDAQ -GS,Failed,07-26-2017,Jun 2017,0.18 ,0.22 ,2 ,-18.18 ,07/26/2017 18:01
Essendant Inc.,ESND,NASDAQ -GS,Failed,07-26-2017,Jun 2017,0.28 ,0.35 ,1 ,-20 ,07/26/2017 18:01
"Carriage Services, Inc.",CSV,NYSE,Failed,07-26-2017,Jun 2017,0.3 ,0.39 ,1 ,-23.08 ,07/26/2017 18:01
Telefonica Brasil S.A.,VIV,NYSE,Failed,07-26-2017,Jun 2017,0.16 ,0.22 ,3 ,-27.27 ,07/26/2017 18:01
Methanex Corporation,MEOH,NASDAQ -GS,Failed,07-26-2017,Jun 2017,0.85 ,1.19 ,2 ,-28.57 ,07/26/2017 18:01
Capstead Mortgage Corporation,CMO,NYSE,Failed,07-26-2017,Jun 2017,0.14 ,0.2 ,1 ,-30 ,07/26/2017 18:01
"Buffalo Wild Wings, Inc.",BWLD,NASDAQ -GS,Failed,07-26-2017,Jun 2017,0.66 ,1.01 ,12 ,-34.65 ,07/26/2017 18:01
"ServiceNow, Inc.",NOW,NYSE,Failed,07-26-2017,Jun 2017,-0.25 ,-0.18 ,5 ,-38.89 ,07/26/2017 18:01
"Safe Bulkers, Inc",SB,NYSE,Failed,07-26-2017,Jun 2017,-0.07 ,-0.05 ,5 ,-40 ,07/26/2017 18:01
"NextEra Energy Partners, LP",NEP,NYSE,Failed,07-26-2017,Jun 2017,0.24 ,0.43 ,6 ,-44.19 ,07/26/2017 18:01
Aspen Insurance Holdings Limited,AHL,NYSE,Failed,07-26-2017,Jun 2017,0.47 ,0.91 ,1 ,-48.35 ,07/26/2017 18:01
Navios Maritime Midstream Partners LP,NAP,NYSE,Failed,07-26-2017,Jun 2017,0.1 ,0.23 ,2 ,-56.52 ,07/26/2017 18:01
"Provident Financial Holdings, Inc.",PROV,NASDAQ -GS,Failed,07-26-2017,Jun 2017,0.12 ,0.29 ,1 ,-58.62 ,07/26/2017 18:01
Suncor Energy  Inc.,SU,NYSE,Failed,07-26-2017,Jun 2017,0.09 ,0.18 ,7 ,-60.87 ,07/26/2017 18:01
"Triumph Group, Inc.",TGI,NYSE,Failed,07-26-2017,Jun 2017,0.24 ,0.87 ,5 ,-72.41 ,07/26/2017 18:01
Quidel Corporation,QDEL,NASDAQ -GS,Failed,07-26-2017,Jun 2017,-0.35 ,-0.17 ,2 ,-105.88 ,07/26/2017 18:01
Rent-A-Center Inc.,RCII,NASDAQ -GS,Failed,07-26-2017,Jun 2017,-0.01 ,0.07 ,6 ,-114.29 ,07/26/2017 18:01
"Angie's List, Inc.",ANGI,NASDAQ -GS,Failed,07-26-2017,Jun 2017,-0.13 ,-0.06 ,3 ,-116.67 ,07/26/2017 18:01
"Coeur Mining, Inc.",CDE,NYSE,Failed,07-26-2017,Jun 2017,-0.01 ,0.03 ,1 ,-133.33 ,07/26/2017 18:01
"LivePerson, Inc.",LPSN,NASDAQ -GS,Failed,07-26-2017,Jun 2017,-0.03 ,-0.01 ,4 ,-200 ,07/26/2017 18:01
"First Solar, Inc.",FSLR,NASDAQ -GS,Exceeded,07-27-2017,Jun 2017,0.64 ,-0.04 ,10 ,1700 ,07/27/2017 08:27
ConocoPhillips,COP,NYSE,Exceeded,07-27-2017,Jun 2017,0.14 ,-0.02 ,9 ,800 ,07/27/2017 08:27
Cenovus Energy Inc,CVE,NYSE,Exceeded,07-27-2017,Jun 2017,0.27 ,0.03 ,5 ,800 ,07/27/2017 08:27
Crescent Point Energy Corporation,CPG,NYSE,Exceeded,07-27-2017,Jun 2017,0.05 ,-0.03 ,2 ,266.67 ,07/27/2017 08:27
"DSP Group, Inc.",DSPG,NASDAQ -GS,Exceeded,07-27-2017,Jun 2017,0.06 ,0.02 ,2 ,200 ,07/27/2017 08:27
Navios Maritime Partners LP,NMM,NYSE,Exceeded,07-27-2017,Jun 2017,0.03 ,0.01 ,3 ,200 ,07/27/2017 08:27
"Newpark Resources, Inc.",NR,NYSE,Exceeded,07-27-2017,Jun 2017,0.02 ,-0.02 ,4 ,200 ,07/27/2017 08:27
"SPS Commerce, Inc.",SPSC,NASDAQ -GS,Exceeded,07-27-2017,Jun 2017,0.15 ,0.05 ,5 ,200 ,07/27/2017 08:27
Electronic Arts Inc.,EA,NASDAQ -GS,Exceeded,07-27-2017,Jun 2017,0.36 ,0.14 ,8 ,157.14 ,07/27/2017 08:27
Nokia Corporation,NOK,NYSE,Exceeded,07-27-2017,Jun 2017,0.09 ,0.04 ,6 ,125 ,07/27/2017 08:27
"ACI Worldwide, Inc.",ACIW,NASDAQ -GS,Exceeded,07-27-2017,Jun 2017,0.02 ,-0.09 ,3 ,122.22 ,07/27/2017 08:27
New Home Company Inc. (The),NWHM,NYSE,Exceeded,07-27-2017,Jun 2017,0.11 ,0.05 ,1 ,120 ,07/27/2017 08:27
Astrazeneca PLC,AZN,NYSE,Exceeded,07-27-2017,Jun 2017,0.87 ,0.41 ,3 ,112.2 ,07/27/2017 08:27
Mitel Networks Corporation,MITL,NASDAQ -GS,Exceeded,07-27-2017,Jun 2017,0 ,-0.01 ,1 ,100 ,07/27/2017 08:27
"Lawson Products, Inc.",LAWS,NASDAQ -GS,Exceeded,07-27-2017,Jun 2017,0.2 ,0.1 ,2 ,100 ,07/27/2017 08:27
TAL Education Group,TAL,NYSE,Exceeded,07-27-2017,May 2017,0.32 ,0.16 ,1 ,100 ,07/27/2017 08:27
"Town Sports International Holdings, Inc.",CLUB,NASDAQ -GM,Exceeded,07-27-2017,Jun 2017,-0.02 ,-0.14 ,1 ,85.71 ,07/27/2017 08:27
"Twitter, Inc.",TWTR,NYSE,Exceeded,07-27-2017,Jun 2017,-0.02 ,-0.12 ,7 ,83.33 ,07/27/2017 08:27
"Imperva, Inc.",IMPV,NASDAQ -GS,Exceeded,07-27-2017,Jun 2017,-0.1 ,-0.59 ,1 ,83.05 ,07/27/2017 08:27
"Boston Beer Company, Inc. (The)",SAM,NYSE,Exceeded,07-27-2017,Jun 2017,2.35 ,1.29 ,2 ,82.17 ,07/27/2017 08:27
Ardagh Group S.A.,ARD,NYSE,Exceeded,07-27-2017,Jun 2017,0.54 ,0.3 ,1 ,80 ,07/27/2017 08:27
ArcelorMittal,MT,NYSE,Exceeded,07-27-2017,Jun 2017,1.33 ,0.78 ,1 ,70.51 ,07/27/2017 08:27
Cray Inc,CRAY,NASDAQ -GS,Exceeded,07-27-2017,Jun 2017,-0.2 ,-0.54 ,2 ,62.96 ,07/27/2017 08:27
MPLX LP,MPLX,NYSE,Exceeded,07-27-2017,Jun 2017,0.26 ,0.16 ,7 ,62.5 ,07/27/2017 08:27
Digi International Inc.,DGII,NASDAQ -GS,Exceeded,07-27-2017,Jun 2017,0.08 ,0.05 ,1 ,60 ,07/27/2017 08:27
Atlassian Corporation Plc,TEAM,NASDAQ -GS,Exceeded,07-27-2017,Jun 2017,-0.03 ,-0.07 ,7 ,57.14 ,07/27/2017 08:27
"The Bancorp, Inc.",TBBK,NASDAQ -GS,Exceeded,07-27-2017,Jun 2017,0.11 ,0.07 ,2 ,57.14 ,07/27/2017 08:27
"SunCoke Energy, Inc.",SXC,NYSE,Exceeded,07-27-2017,Jun 2017,-0.07 ,-0.14 ,1 ,50 ,07/27/2017 08:27
"Sequential Brands Group, Inc.",SQBG,NASDAQ -CM,Exceeded,07-27-2017,Jun 2017,0.12 ,0.08 ,2 ,50 ,07/27/2017 08:27
8x8 Inc,EGHT,NASDAQ -GS,Exceeded,07-27-2017,Jun 2017,-0.01 ,-0.02 ,8 ,50 ,07/27/2017 08:27
Alkermes plc,ALKS,NASDAQ -GS,Exceeded,07-27-2017,Jun 2017,-0.13 ,-0.26 ,1 ,50 ,07/27/2017 08:27
"FS Bancorp, Inc.",FSBW,NASDAQ -CM,Exceeded,07-27-2017,Jun 2017,1.41 ,0.94 ,2 ,50 ,07/27/2017 08:27
Hilltop Holdings Inc.,HTH,NYSE,Exceeded,07-27-2017,Jun 2017,0.63 ,0.43 ,4 ,46.51 ,07/27/2017 08:27
"Sunesis Pharmaceuticals, Inc.",SNSS,NASDAQ -CM,Exceeded,07-27-2017,Jun 2017,-0.41 ,-0.76 ,1 ,46.05 ,07/27/2017 08:27
Cliffs Natural Resources Inc.,CLF,NYSE,Exceeded,07-27-2017,Jun 2017,0.26 ,0.18 ,5 ,44.44 ,07/27/2017 08:27
"Ellie Mae, Inc.",ELLI,NYSE,Exceeded,07-27-2017,Jun 2017,0.52 ,0.36 ,5 ,44.44 ,07/27/2017 08:27
Cypress Semiconductor Corporation,CY,NASDAQ -GS,Exceeded,07-27-2017,Jun 2017,0.13 ,0.09 ,5 ,44.44 ,07/27/2017 08:27
"Helmerich & Payne, Inc.",HP,NYSE,Exceeded,07-27-2017,Jun 2017,-0.18 ,-0.31 ,10 ,41.94 ,07/27/2017 08:27
"ExlService Holdings, Inc.",EXLS,NASDAQ -GS,Exceeded,07-27-2017,Jun 2017,0.65 ,0.46 ,6 ,41.3 ,07/27/2017 08:27
KKR & Co. L.P.,KKR,NYSE,Exceeded,07-27-2017,Jun 2017,0.89 ,0.63 ,5 ,41.27 ,07/27/2017 08:27
Intelsat S.A.,I,NYSE,Exceeded,07-27-2017,Jun 2017,-0.2 ,-0.33 ,4 ,39.39 ,07/27/2017 08:27
New York Times Company (The),NYT,NYSE,Exceeded,07-27-2017,Jun 2017,0.18 ,0.13 ,2 ,38.46 ,07/27/2017 08:27
"LeMaitre Vascular, Inc.",LMAT,NASDAQ -GM,Exceeded,07-27-2017,Jun 2017,0.23 ,0.17 ,4 ,35.29 ,07/27/2017 08:27
"Kratos Defense & Security Solutions, Inc.",KTOS,NASDAQ -GS,Exceeded,07-27-2017,Jun 2017,-0.02 ,-0.03 ,4 ,33.33 ,07/27/2017 08:27
"H&E Equipment Services, Inc.",HEES,NASDAQ -GS,Exceeded,07-27-2017,Jun 2017,0.28 ,0.21 ,1 ,33.33 ,07/27/2017 08:27
DMC Global Inc.,BOOM,NASDAQ -GS,Exceeded,07-27-2017,Jun 2017,0.04 ,0.03 ,1 ,33.33 ,07/27/2017 08:27
Evercore Partners Inc,EVR,NYSE,Exceeded,07-27-2017,Jun 2017,1.06 ,0.8 ,2 ,32.5 ,07/27/2017 08:27
"Green Bancorp, Inc.",GNBC,NASDAQ -GS,Exceeded,07-27-2017,Jun 2017,0.35 ,0.27 ,2 ,29.63 ,07/27/2017 08:27
Fiat Chrysler Automobiles N.V.,FCAU,NYSE,Exceeded,07-27-2017,Jun 2017,0.76 ,0.59 ,3 ,28.81 ,07/27/2017 08:27
"Cohu, Inc.",COHU,NASDAQ -GS,Exceeded,07-27-2017,Jun 2017,0.42 ,0.33 ,2 ,27.27 ,07/27/2017 08:27
Cameco Corporation,CCJ,NYSE,Exceeded,07-27-2017,Jun 2017,-0.08 ,-0.11 ,1 ,27.27 ,07/27/2017 08:27
Viad Corp,VVI,NYSE,Exceeded,07-27-2017,Jun 2017,1.22 ,0.96 ,3 ,27.08 ,07/27/2017 08:27
Huntsman Corporation,HUN,NYSE,Exceeded,07-27-2017,Jun 2017,0.85 ,0.67 ,4 ,26.87 ,07/27/2017 08:27
California Water  Service Group Holding,CWT,NYSE,Exceeded,07-27-2017,Jun 2017,0.39 ,0.31 ,4 ,25.81 ,07/27/2017 08:27
"Build-A-Bear Workshop, Inc.",BBW,NYSE,Exceeded,07-27-2017,Jun 2017,-0.15 ,-0.2 ,2 ,25 ,07/27/2017 08:27
"Patterson-UTI Energy, Inc.",PTEN,NASDAQ -GS,Exceeded,07-27-2017,Jun 2017,-0.21 ,-0.28 ,9 ,25 ,07/27/2017 08:27
"CVR Partners, LP",UAN,NYSE,Exceeded,07-27-2017,Jun 2017,-0.03 ,-0.04 ,1 ,25 ,07/27/2017 08:27
Xperi Corporation,XPER,NASDAQ -GS,Exceeded,07-27-2017,Jun 2017,0.36 ,0.29 ,1 ,24.14 ,07/27/2017 08:27
"Ultra Clean Holdings, Inc.",UCTT,NASDAQ -GS,Exceeded,07-27-2017,Jun 2017,0.62 ,0.5 ,4 ,24 ,07/27/2017 08:27
Deckers Outdoor Corporation,DECK,NYSE,Exceeded,07-27-2017,Jun 2017,-1.28 ,-1.67 ,8 ,23.35 ,07/27/2017 08:27
"CBRE Group, Inc.",CBG,NYSE,Exceeded,07-27-2017,Jun 2017,0.65 ,0.53 ,4 ,22.64 ,07/27/2017 08:27
"HFF, Inc.",HF,NYSE,Exceeded,07-27-2017,Jun 2017,0.49 ,0.4 ,1 ,22.5 ,07/27/2017 08:27
Lazard Ltd.,LAZ,NYSE,Exceeded,07-27-2017,Jun 2017,0.98 ,0.8 ,3 ,22.5 ,07/27/2017 08:27
Park Sterling Corporation,PSTB,NASDAQ -GS,Exceeded,07-27-2017,Jun 2017,0.17 ,0.14 ,3 ,21.43 ,07/27/2017 08:27
"Alexion Pharmaceuticals, Inc.",ALXN,NASDAQ -GS,Exceeded,07-27-2017,Jun 2017,1.31 ,1.08 ,7 ,21.3 ,07/27/2017 08:27
"Reinsurance Group of America, Incorporated",RGA,NYSE,Exceeded,07-27-2017,Jun 2017,2.95 ,2.44 ,3 ,20.9 ,07/27/2017 08:27
"HopFed Bancorp, Inc.",HFBC,NASDAQ -GM,Exceeded,07-27-2017,Jun 2017,0.18 ,0.15 ,1 ,20 ,07/27/2017 08:27
EQT Corporation,EQT,NYSE,Exceeded,07-27-2017,Jun 2017,0.06 ,0.05 ,10 ,20 ,07/27/2017 08:27
"EMCOR Group, Inc.",EME,NYSE,Exceeded,07-27-2017,Jun 2017,0.95 ,0.8 ,3 ,18.75 ,07/27/2017 08:27
"First Mid-Illinois Bancshares, Inc.",FMBH,NASDAQ -GM,Exceeded,07-27-2017,Jun 2017,0.66 ,0.56 ,2 ,17.86 ,07/27/2017 08:27
"Oaktree Capital Group, LLC",OAK,NYSE,Exceeded,07-27-2017,Jun 2017,1.73 ,1.47 ,7 ,17.69 ,07/27/2017 08:27
Royal Dutch Shell PLC,RDS.A,NYSE,Exceeded,07-27-2017,Jun 2017,0.88 ,0.75 ,3 ,17.33 ,07/27/2017 08:27
"Entegris, Inc.",ENTG,NASDAQ -GS,Exceeded,07-27-2017,Jun 2017,0.34 ,0.29 ,5 ,17.24 ,07/27/2017 08:27
"World Wrestling Entertainment, Inc.",WWE,NYSE,Exceeded,07-27-2017,Jun 2017,0.07 ,0.06 ,3 ,16.67 ,07/27/2017 08:27
"Align Technology, Inc.",ALGN,NASDAQ -GS,Exceeded,07-27-2017,Jun 2017,0.85 ,0.73 ,10 ,16.44 ,07/27/2017 08:27
"AtriCure, Inc.",ATRC,NASDAQ -GM,Exceeded,07-27-2017,Jun 2017,-0.21 ,-0.25 ,4 ,16 ,07/27/2017 08:27
Carpenter Technology Corporation,CRS,NYSE,Exceeded,07-27-2017,Jun 2017,0.58 ,0.5 ,5 ,16 ,07/27/2017 08:27
"Blucora, Inc.",BCOR,NASDAQ -GS,Exceeded,07-27-2017,Jun 2017,0.67 ,0.58 ,2 ,15.52 ,07/27/2017 08:27
Columbia Sportswear Company,COLM,NASDAQ -GS,Exceeded,07-27-2017,Jun 2017,-0.17 ,-0.2 ,11 ,15 ,07/27/2017 08:27
"CRA International,Inc.",CRAI,NASDAQ -GS,Exceeded,07-27-2017,Jun 2017,0.48 ,0.42 ,1 ,14.29 ,07/27/2017 08:27
"LogMein, Inc.",LOGM,NASDAQ -GS,Exceeded,07-27-2017,Jun 2017,0.8 ,0.7 ,4 ,14.29 ,07/27/2017 08:27
TFS Financial Corporation,TFSL,NASDAQ -GS,Exceeded,07-27-2017,Jun 2017,0.08 ,0.07 ,1 ,14.29 ,07/27/2017 08:27
"Southern National Bancorp of Virginia, Inc.",SONA,NASDAQ -GM,Exceeded,07-27-2017,Jun 2017,0.24 ,0.21 ,1 ,14.29 ,07/27/2017 08:27
"Senomyx, Inc.",SNMX,NASDAQ -GM,Exceeded,07-27-2017,Jun 2017,-0.06 ,-0.07 ,1 ,14.29 ,07/27/2017 08:27
Valero Energy Corporation,VLO,NYSE,Exceeded,07-27-2017,Jun 2017,1.23 ,1.08 ,9 ,13.89 ,07/27/2017 08:27
"AMERISAFE, Inc.",AMSF,NASDAQ -GS,Exceeded,07-27-2017,Jun 2017,0.82 ,0.72 ,2 ,13.89 ,07/27/2017 08:27
Raytheon Company,RTN,NYSE,Exceeded,07-27-2017,Jun 2017,1.98 ,1.74 ,9 ,13.79 ,07/27/2017 08:27
TriCo Bancshares,TCBK,NASDAQ -GS,Exceeded,07-27-2017,Jun 2017,0.58 ,0.51 ,3 ,13.73 ,07/27/2017 08:27
SVB Financial Group,SIVB,NASDAQ -GS,Exceeded,07-27-2017,Jun 2017,2.32 ,2.05 ,11 ,13.17 ,07/27/2017 08:27
"Tempur Sealy International, Inc.",TPX,NYSE,Exceeded,07-27-2017,Jun 2017,0.45 ,0.4 ,8 ,12.5 ,07/27/2017 08:27
Aflac Incorporated,AFL,NYSE,Exceeded,07-27-2017,Jun 2017,1.83 ,1.63 ,8 ,12.27 ,07/27/2017 08:27
Milacron Holdings Corp.,MCRN,NYSE,Exceeded,07-27-2017,Jun 2017,0.46 ,0.41 ,5 ,12.2 ,07/27/2017 08:27
LPL Financial Holdings Inc.,LPLA,NASDAQ -GS,Exceeded,07-27-2017,Jun 2017,0.74 ,0.66 ,5 ,12.12 ,07/27/2017 08:27
Pebblebrook Hotel Trust,PEB,NYSE,Exceeded,07-27-2017,Jun 2017,0.75 ,0.67 ,7 ,11.94 ,07/27/2017 08:27
"Superior Uniform Group, Inc.",SGC,NASDAQ -GM,Exceeded,07-27-2017,Jun 2017,0.29 ,0.26 ,1 ,11.54 ,07/27/2017 08:27
Meredith Corporation,MDP,NYSE,Exceeded,07-27-2017,Jun 2017,1.07 ,0.96 ,2 ,11.46 ,07/27/2017 08:27
Visteon Corporation,VC,NYSE,Exceeded,07-27-2017,Jun 2017,1.38 ,1.24 ,8 ,11.29 ,07/27/2017 08:27
"Carter's, Inc.",CRI,NYSE,Exceeded,07-27-2017,Jun 2017,0.79 ,0.71 ,6 ,11.27 ,07/27/2017 08:27
"Universal Logistics Holdings, Inc.",ULH,NASDAQ -GS,Exceeded,07-27-2017,Jun 2017,0.1 ,0.09 ,1 ,11.11 ,07/27/2017 08:27
TriMas Corporation,TRS,NASDAQ -GS,Exceeded,07-27-2017,Jun 2017,0.4 ,0.36 ,9 ,11.11 ,07/27/2017 08:27
Allegion plc,ALLE,NYSE,Exceeded,07-27-2017,Jun 2017,1.11 ,1 ,4 ,11 ,07/27/2017 08:27
MGM Resorts International,MGM,NYSE,Exceeded,07-27-2017,Jun 2017,0.31 ,0.28 ,6 ,10.71 ,07/27/2017 08:27
"First Cash, Inc.",FCFS,Amex,Exceeded,07-27-2017,Jun 2017,0.52 ,0.47 ,5 ,10.64 ,07/27/2017 08:27
AGCO Corporation,AGCO,NYSE,Exceeded,07-27-2017,Jun 2017,1.15 ,1.04 ,9 ,10.58 ,07/27/2017 08:27
"ConnectOne Bancorp, Inc.",CNOB,NASDAQ -GS,Exceeded,07-27-2017,Jun 2017,0.42 ,0.38 ,3 ,10.53 ,07/27/2017 08:27
"Patrick Industries, Inc.",PATK,NASDAQ -GS,Exceeded,07-27-2017,Jun 2017,1.28 ,1.16 ,3 ,10.34 ,07/27/2017 08:27
"Validus Holdings, Ltd.",VR,NYSE,Exceeded,07-27-2017,Jun 2017,1.09 ,0.99 ,3 ,10.1 ,07/27/2017 08:27
"A V Homes, Inc.",AVHI,NASDAQ -GS,Exceeded,07-27-2017,Jun 2017,0.11 ,0.1 ,1 ,10 ,07/27/2017 08:27
"Expedia, Inc.",EXPE,NASDAQ -GS,Exceeded,07-27-2017,Jun 2017,0.66 ,0.6 ,5 ,10 ,07/27/2017 08:27
S&P Global Inc.,SPGI,NYSE,Exceeded,07-27-2017,Jun 2017,1.72 ,1.57 ,5 ,9.55 ,07/27/2017 08:27
UNITIL Corporation,UTL,NYSE,Exceeded,07-27-2017,Jun 2017,0.23 ,0.21 ,1 ,9.52 ,07/27/2017 08:27
"CapStar Financial Holdings, Inc.",CSTR,NASDAQ -GS,Exceeded,07-27-2017,Jun 2017,0.23 ,0.21 ,1 ,9.52 ,07/27/2017 08:27
First Potomac Realty Trust,FPO,NYSE,Exceeded,07-27-2017,Jun 2017,0.23 ,0.21 ,5 ,9.52 ,07/27/2017 08:27
"Hartford Financial Services Group, Inc. (The)",HIG,NYSE,Exceeded,07-27-2017,Jun 2017,1.04 ,0.95 ,7 ,9.47 ,07/27/2017 08:27
Ally Financial Inc.,ALLY,NYSE,Exceeded,07-27-2017,Jun 2017,0.58 ,0.53 ,8 ,9.43 ,07/27/2017 08:27
GP Strategies Corporation,GPX,NYSE,Exceeded,07-27-2017,Jun 2017,0.35 ,0.32 ,3 ,9.38 ,07/27/2017 08:27
"Seattle Genetics, Inc.",SGEN,NASDAQ -GS,Exceeded,07-27-2017,Jun 2017,-0.39 ,-0.43 ,9 ,9.3 ,07/27/2017 08:27
"SkyWest, Inc.",SKYW,NASDAQ -GS,Exceeded,07-27-2017,Jun 2017,0.95 ,0.87 ,4 ,9.2 ,07/27/2017 08:27
"Old Dominion Freight Line, Inc.",ODFL,NASDAQ -GS,Exceeded,07-27-2017,Jun 2017,1.19 ,1.09 ,9 ,9.17 ,07/27/2017 08:27
"Forum Energy Technologies, Inc.",FET,NYSE,Exceeded,07-27-2017,Jun 2017,-0.1 ,-0.11 ,6 ,9.09 ,07/27/2017 08:27
"EQT GP Holdings, LP",EQGP,NYSE,Exceeded,07-27-2017,Jun 2017,0.24 ,0.22 ,4 ,9.09 ,07/27/2017 08:27
Procter & Gamble Company (The),PG,NYSE,Exceeded,07-27-2017,Jun 2017,0.85 ,0.78 ,10 ,8.97 ,07/27/2017 08:27
"InterDigital, Inc.",IDCC,NASDAQ -GS,Exceeded,07-27-2017,Jun 2017,1.46 ,1.34 ,2 ,8.96 ,07/27/2017 08:27
"L3 Technologies, Inc.",LLL,NYSE,Exceeded,07-27-2017,Jun 2017,2.21 ,2.03 ,8 ,8.87 ,07/27/2017 08:27
Pacific Gas & Electric Co.,PCG,NYSE,Exceeded,07-27-2017,Jun 2017,0.86 ,0.79 ,5 ,8.86 ,07/27/2017 08:27
"VeriSign, Inc.",VRSN,NASDAQ -GS,Exceeded,07-27-2017,Jun 2017,0.99 ,0.91 ,1 ,8.79 ,07/27/2017 08:27
American Tower Corporation (REIT),AMT,NYSE,Exceeded,07-27-2017,Jun 2017,1.68 ,1.55 ,7 ,8.39 ,07/27/2017 08:27
Comcast Corporation,CMCSA,NASDAQ -GS,Exceeded,07-27-2017,Jun 2017,0.52 ,0.48 ,16 ,8.33 ,07/27/2017 08:27
State Bank Financial Corporation.,STBZ,NASDAQ -CM,Exceeded,07-27-2017,Jun 2017,0.39 ,0.36 ,3 ,8.33 ,07/27/2017 08:27
"Tandem Diabetes Care, Inc.",TNDM,NASDAQ -GM,Exceeded,07-27-2017,Jun 2017,-0.44 ,-0.48 ,9 ,8.33 ,07/27/2017 08:27
"United Parcel Service, Inc.",UPS,NYSE,Exceeded,07-27-2017,Jun 2017,1.58 ,1.46 ,11 ,8.22 ,07/27/2017 08:27
Oritani Financial Corp.,ORIT,NASDAQ -GS,Exceeded,07-27-2017,Jun 2017,0.27 ,0.25 ,2 ,8 ,07/27/2017 08:27
"Tivity Health, Inc.",TVTY,NASDAQ -GS,Exceeded,07-27-2017,Jun 2017,0.41 ,0.38 ,6 ,7.89 ,07/27/2017 08:27
BorgWarner Inc.,BWA,NYSE,Exceeded,07-27-2017,Jun 2017,0.96 ,0.89 ,11 ,7.87 ,07/27/2017 08:27
First American Corporation (The),FAF,NYSE,Exceeded,07-27-2017,Jun 2017,0.98 ,0.91 ,2 ,7.69 ,07/27/2017 08:27
"Gibraltar Industries, Inc.",ROCK,NASDAQ -GS,Exceeded,07-27-2017,Jun 2017,0.43 ,0.4 ,2 ,7.5 ,07/27/2017 08:27
Microsemi Corporation,MSCC,NASDAQ -GS,Exceeded,07-27-2017,Jun 2017,0.87 ,0.81 ,4 ,7.41 ,07/27/2017 08:27
Principal Financial Group Inc,PFG,NYSE,Exceeded,07-27-2017,Jun 2017,1.31 ,1.22 ,4 ,7.38 ,07/27/2017 08:27
"ABIOMED, Inc.",ABMD,NASDAQ -GS,Exceeded,07-27-2017,Jun 2017,0.45 ,0.42 ,6 ,7.14 ,07/27/2017 08:27
Dow Chemical Company (The),DOW,NYSE,Exceeded,07-27-2017,Jun 2017,1.08 ,1.01 ,7 ,6.93 ,07/27/2017 08:27
Cousins Properties Incorporated,CUZ,NYSE,Exceeded,07-27-2017,Jun 2017,0.16 ,0.15 ,6 ,6.67 ,07/27/2017 08:27
"Power Integrations, Inc.",POWI,NASDAQ -GS,Exceeded,07-27-2017,Jun 2017,0.51 ,0.48 ,1 ,6.25 ,07/27/2017 08:27
Sussex Bancorp,SBBX,NASDAQ -GM,Exceeded,07-27-2017,Jun 2017,0.34 ,0.32 ,1 ,6.25 ,07/27/2017 08:27
"MuleSoft, Inc.",MULE,NYSE,Exceeded,07-27-2017,Jun 2017,-0.15 ,-0.16 ,3 ,6.25 ,07/27/2017 08:27
"Federated Investors, Inc.",FII,NYSE,Exceeded,07-27-2017,Jun 2017,0.53 ,0.5 ,3 ,6 ,07/27/2017 08:27
"PC Connection, Inc.",CNXN,NASDAQ -GS,Exceeded,07-27-2017,Jun 2017,0.53 ,0.5 ,2 ,6 ,07/27/2017 08:27
Eversource Energy,ES,NYSE,Exceeded,07-27-2017,Jun 2017,0.72 ,0.68 ,6 ,5.88 ,07/27/2017 08:27
Intel Corporation,INTC,NASDAQ -GS,Exceeded,07-27-2017,Jun 2017,0.72 ,0.68 ,15 ,5.88 ,07/27/2017 08:27
VALE S.A.,VALE,NYSE,Exceeded,07-27-2017,Jun 2017,0.18 ,0.17 ,3 ,5.88 ,07/27/2017 08:27
"Penske Automotive Group, Inc.",PAG,NYSE,Exceeded,07-27-2017,Jun 2017,1.27 ,1.2 ,7 ,5.83 ,07/27/2017 08:27
Mastercard Incorporated,MA,NYSE,Exceeded,07-27-2017,Jun 2017,1.1 ,1.04 ,15 ,5.77 ,07/27/2017 08:27
Marlin Business Services Corp.,MRLN,NASDAQ -GS,Exceeded,07-27-2017,Jun 2017,0.38 ,0.36 ,1 ,5.56 ,07/27/2017 08:27
Iridium Communications Inc,IRDM,NASDAQ -GS,Exceeded,07-27-2017,Jun 2017,0.2 ,0.19 ,4 ,5.26 ,07/27/2017 08:27
W.R. Grace & Co.,GRA,NYSE,Exceeded,07-27-2017,Jun 2017,0.84 ,0.8 ,4 ,5 ,07/27/2017 08:27
Materion Corporation,MTRN,NYSE,Exceeded,07-27-2017,Jun 2017,0.42 ,0.4 ,3 ,5 ,07/27/2017 08:27
Invesco Plc,IVZ,NYSE,Exceeded,07-27-2017,Jun 2017,0.64 ,0.61 ,7 ,4.92 ,07/27/2017 08:27
Western Digital Corporation,WDC,NASDAQ -GS,Exceeded,07-27-2017,Jun 2017,2.63 ,2.51 ,4 ,4.78 ,07/27/2017 08:27
Eastman Chemical Company,EMN,NYSE,Exceeded,07-27-2017,Jun 2017,1.98 ,1.89 ,8 ,4.76 ,07/27/2017 08:27
"Proto Labs, Inc.",PRLB,NYSE,Exceeded,07-27-2017,Jun 2017,0.45 ,0.43 ,1 ,4.65 ,07/27/2017 08:27
Xcel Energy Inc.,XEL,NYSE,Exceeded,07-27-2017,Jun 2017,0.45 ,0.43 ,7 ,4.65 ,07/27/2017 08:27
"NuVasive, Inc.",NUVA,NASDAQ -GS,Exceeded,07-27-2017,Jun 2017,0.46 ,0.44 ,10 ,4.55 ,07/27/2017 08:27
"Bojangles', Inc.",BOJA,NASDAQ -GS,Exceeded,07-27-2017,Jun 2017,0.23 ,0.22 ,7 ,4.55 ,07/27/2017 08:27
Celgene Corporation,CELG,NASDAQ -GS,Exceeded,07-27-2017,Jun 2017,1.68 ,1.61 ,7 ,4.35 ,07/27/2017 08:27
Washington Real Estate Investment Trust,WRE,NYSE,Exceeded,07-27-2017,Jun 2017,0.48 ,0.46 ,7 ,4.35 ,07/27/2017 08:27
AllianceBernstein Holding L.P.,AB,NYSE,Exceeded,07-27-2017,Jun 2017,0.49 ,0.47 ,2 ,4.26 ,07/27/2017 08:27
BG Staffing Inc,BGSF,AMEX,Exceeded,07-27-2017,Jun 2017,0.25 ,0.24 ,2 ,4.17 ,07/27/2017 08:27
"AptarGroup, Inc.",ATR,NYSE,Exceeded,07-27-2017,Jun 2017,1.01 ,0.97 ,6 ,4.12 ,07/27/2017 08:27
"LendingTree, Inc.",TREE,NASDAQ -GS,Exceeded,07-27-2017,Jun 2017,0.76 ,0.73 ,2 ,4.11 ,07/27/2017 08:27
"WESCO International, Inc.",WCC,NYSE,Exceeded,07-27-2017,Jun 2017,1.02 ,0.98 ,8 ,4.08 ,07/27/2017 08:27
Unum Group,UNM,NYSE,Exceeded,07-27-2017,Jun 2017,1.05 ,1.01 ,7 ,3.96 ,07/27/2017 08:27
First Merchants Corporation,FRME,NASDAQ -GS,Exceeded,07-27-2017,Jun 2017,0.57 ,0.55 ,3 ,3.64 ,07/27/2017 08:27
Qiagen N.V.,QGEN,NASDAQ -GS,Exceeded,07-27-2017,Jun 2017,0.3 ,0.29 ,8 ,3.45 ,07/27/2017 08:27
"Republic Services, Inc.",RSG,NYSE,Exceeded,07-27-2017,Jun 2017,0.61 ,0.59 ,5 ,3.39 ,07/27/2017 08:27
"Digital Realty Trust, Inc.",DLR,NYSE,Exceeded,07-27-2017,Jun 2017,1.54 ,1.49 ,10 ,3.36 ,07/27/2017 08:27
Southwest Airlines Company,LUV,NYSE,Exceeded,07-27-2017,Jun 2017,1.24 ,1.2 ,9 ,3.33 ,07/27/2017 08:27
"Dunkin' Brands Group, Inc.",DNKN,NASDAQ -GS,Exceeded,07-27-2017,Jun 2017,0.64 ,0.62 ,10 ,3.23 ,07/27/2017 08:27
Boston Scientific Corporation,BSX,NYSE,Exceeded,07-27-2017,Jun 2017,0.32 ,0.31 ,13 ,3.23 ,07/27/2017 08:27
KLA-Tencor Corporation,KLAC,NASDAQ -GS,Exceeded,07-27-2017,Jun 2017,1.64 ,1.59 ,6 ,3.14 ,07/27/2017 08:27
"Carbo Ceramics, Inc.",CRR,NYSE,Exceeded,07-27-2017,Jun 2017,-0.93 ,-0.96 ,4 ,3.12 ,07/27/2017 08:27
"Mohawk Industries, Inc.",MHK,NYSE,Exceeded,07-27-2017,Jun 2017,3.72 ,3.61 ,7 ,3.05 ,07/27/2017 08:27
Fortive Corporation,FTV,NYSE,Exceeded,07-27-2017,Jun 2017,0.71 ,0.69 ,10 ,2.9 ,07/27/2017 08:27
"C.R. Bard, Inc.",BCR,NYSE,Exceeded,07-27-2017,Jun 2017,2.92 ,2.84 ,10 ,2.82 ,07/27/2017 08:27
Teck Resources Ltd,TECK,NYSE,Exceeded,07-27-2017,Jun 2017,0.73 ,0.71 ,7 ,2.82 ,07/27/2017 08:27
"Spirit Airlines, Inc.",SAVE,NASDAQ -GS,Exceeded,07-27-2017,Jun 2017,1.14 ,1.11 ,9 ,2.7 ,07/27/2017 08:27
CubeSmart,CUBE,NYSE,Exceeded,07-27-2017,Jun 2017,0.39 ,0.38 ,8 ,2.63 ,07/27/2017 08:27
"GNC Holdings, Inc.",GNC,NYSE,Exceeded,07-27-2017,Jun 2017,0.41 ,0.4 ,6 ,2.5 ,07/27/2017 08:27
Deluxe Corporation,DLX,NYSE,Exceeded,07-27-2017,Jun 2017,1.29 ,1.26 ,1 ,2.38 ,07/27/2017 08:27
"SS&C Technologies Holdings, Inc.",SSNC,NASDAQ -GS,Exceeded,07-27-2017,Jun 2017,0.43 ,0.42 ,4 ,2.38 ,07/27/2017 08:27
"Taubman Centers, Inc.",TCO,NYSE,Exceeded,07-27-2017,Jun 2017,0.86 ,0.84 ,13 ,2.38 ,07/27/2017 08:27
"Praxair, Inc.",PX,NYSE,Exceeded,07-27-2017,Jun 2017,1.46 ,1.43 ,9 ,2.1 ,07/27/2017 08:27
Corporate Office Properties Trust,OFC,NYSE,Exceeded,07-27-2017,Jun 2017,0.49 ,0.48 ,9 ,2.08 ,07/27/2017 08:27
"Pinnacle Foods, Inc.",PF,NYSE,Exceeded,07-27-2017,Jun 2017,0.53 ,0.52 ,9 ,1.92 ,07/27/2017 08:27
LKQ Corporation,LKQ,NASDAQ -GS,Exceeded,07-27-2017,Jun 2017,0.53 ,0.52 ,9 ,1.92 ,07/27/2017 08:27
CoreSite Realty Corporation,COR,NYSE,Exceeded,07-27-2017,Jun 2017,1.1 ,1.08 ,9 ,1.85 ,07/27/2017 08:27
"Gaming and Leisure Properties, Inc.",GLPI,NASDAQ -GS,Exceeded,07-27-2017,Jun 2017,0.78 ,0.77 ,2 ,1.82 ,07/27/2017 08:27
Camden Property Trust,CPT,NYSE,Exceeded,07-27-2017,Jun 2017,1.15 ,1.13 ,10 ,1.77 ,07/27/2017 08:27
"MidWestOne Financial Group, Inc.",MOFG,NASDAQ -GS,Exceeded,07-27-2017,Jun 2017,0.59 ,0.58 ,3 ,1.72 ,07/27/2017 08:27
"Simpson Manufacturing Company, Inc.",SSD,NYSE,Exceeded,07-27-2017,Jun 2017,0.59 ,0.58 ,2 ,1.72 ,07/27/2017 08:27
"Essex Property Trust, Inc.",ESS,NYSE,Exceeded,07-27-2017,Jun 2017,2.97 ,2.92 ,11 ,1.71 ,07/27/2017 08:27
Apartment Investment and Management Company,AIV,NYSE,Exceeded,07-27-2017,Jun 2017,0.61 ,0.6 ,8 ,1.67 ,07/27/2017 08:27
Weingarten Realty Investors,WRI,NYSE,Exceeded,07-27-2017,Jun 2017,0.61 ,0.6 ,8 ,1.67 ,07/27/2017 08:27
WSFS Financial Corporation,WSFS,NASDAQ -GS,Exceeded,07-27-2017,Jun 2017,0.63 ,0.62 ,2 ,1.61 ,07/27/2017 08:27
International Paper Company,IP,NYSE,Exceeded,07-27-2017,Jun 2017,0.65 ,0.64 ,7 ,1.56 ,07/27/2017 08:27
"Acadia Healthcare Company, Inc.",ACHC,NASDAQ -GS,Exceeded,07-27-2017,Jun 2017,0.66 ,0.65 ,10 ,1.54 ,07/27/2017 08:27
Brunswick Corporation,BC,NYSE,Exceeded,07-27-2017,Jun 2017,1.35 ,1.33 ,11 ,1.5 ,07/27/2017 08:27
Reliance Steel & Aluminum Co.,RS,NYSE,Exceeded,07-27-2017,Jun 2017,1.4 ,1.38 ,6 ,1.45 ,07/27/2017 08:27
Bristol-Myers Squibb Company,BMY,NYSE,Exceeded,07-27-2017,Jun 2017,0.74 ,0.73 ,9 ,1.37 ,07/27/2017 08:27
Stryker Corporation,SYK,NYSE,Exceeded,07-27-2017,Jun 2017,1.53 ,1.51 ,15 ,1.32 ,07/27/2017 08:27
"Dupont Fabros Technology, Inc.",DFT,NYSE,Exceeded,07-27-2017,Jun 2017,0.78 ,0.77 ,9 ,1.3 ,07/27/2017 08:27
Arthur J. Gallagher & Co.,AJG,NYSE,Exceeded,07-27-2017,Jun 2017,1.03 ,1.02 ,9 ,0.98 ,07/27/2017 08:27
Adient plc,ADNT,NYSE,Exceeded,07-27-2017,Jun 2017,2.52 ,2.5 ,8 ,0.8 ,07/27/2017 08:27
"Mettler-Toledo International, Inc.",MTD,NYSE,Exceeded,07-27-2017,Jun 2017,3.92 ,3.89 ,7 ,0.77 ,07/27/2017 08:27
ICON plc,ICLR,NASDAQ -GS,Exceeded,07-27-2017,Jun 2017,1.31 ,1.3 ,9 ,0.77 ,07/27/2017 08:27
Ultragenyx Pharmaceutical Inc.,RARE,NASDAQ -GS,Exceeded,07-27-2017,Jun 2017,-1.72 ,-1.73 ,11 ,0.58 ,07/27/2017 08:27
Seacoast Banking Corporation of Florida,SBCF,NASDAQ -GS,Met,07-27-2017,Jun 2017,0.29 ,0.29 ,4 ,0 ,07/27/2017 08:27
Starbucks Corporation,SBUX,NASDAQ -GS,Met,07-27-2017,Jun 2017,0.55 ,0.55 ,14 ,0 ,07/27/2017 08:27
Sirius XM Holdings Inc.,SIRI,NASDAQ -GS,Met,07-27-2017,Jun 2017,0.04 ,0.04 ,7 ,0 ,07/27/2017 08:27
National Instruments Corporation,NATI,NASDAQ -GS,Met,07-27-2017,Jun 2017,0.19 ,0.19 ,3 ,0 ,07/27/2017 08:27
"Marsh & McLennan Companies, Inc.",MMC,NYSE,Met,07-27-2017,Jun 2017,1 ,1 ,9 ,0 ,07/27/2017 08:27
"Omnicell, Inc.",OMCL,NASDAQ -GS,Met,07-27-2017,Jun 2017,0.02 ,0.02 ,1 ,0 ,07/27/2017 08:27
OceanFirst Financial Corp.,OCFC,NASDAQ -GS,Met,07-27-2017,Jun 2017,0.4 ,0.4 ,2 ,0 ,07/27/2017 08:27
"National Oilwell Varco, Inc.",NOV,NYSE,Met,07-27-2017,Jun 2017,-0.14 ,-0.14 ,12 ,0 ,07/27/2017 08:27
"NetScout Systems, Inc.",NTCT,NASDAQ -GS,Met,07-27-2017,Jun 2017,0.01 ,0.01 ,4 ,0 ,07/27/2017 08:27
Johnson Controls International plc,JCI,NYSE,Met,07-27-2017,Jun 2017,0.71 ,0.71 ,7 ,0 ,07/27/2017 08:27
Quaker Chemical Corporation,KWR,NYSE,Met,07-27-2017,Jun 2017,1.24 ,1.24 ,3 ,0 ,07/27/2017 08:27
"Mitek Systems, Inc.",MITK,NASDAQ -CM,Met,07-27-2017,Jun 2017,0.04 ,0.04 ,2 ,0 ,07/27/2017 08:27
Masco Corporation,MAS,NYSE,Met,07-27-2017,Jun 2017,0.6 ,0.6 ,10 ,0 ,07/27/2017 08:27
"Independence Contract Drilling, Inc.",ICD,NYSE,Met,07-27-2017,Jun 2017,-0.13 ,-0.13 ,4 ,0 ,07/27/2017 08:27
"Harvard Bioscience, Inc.",HBIO,NASDAQ -GM,Met,07-27-2017,Jun 2017,0.01 ,0.01 ,1 ,0 ,07/27/2017 08:27
Horizon Bancorp (IN),HBNC,NASDAQ -GS,Met,07-27-2017,Jun 2017,0.42 ,0.42 ,3 ,0 ,07/27/2017 08:27
"First Hawaiian, Inc.",FHB,NASDAQ -GS,Met,07-27-2017,Jun 2017,0.41 ,0.41 ,4 ,0 ,07/27/2017 08:27
"Floor & Decor Holdings, Inc.",FND,NYSE,Met,07-27-2017,Jun 2017,0.2 ,0.2 ,3 ,0 ,07/27/2017 08:27
"Chart Industries, Inc.",GTLS,NASDAQ -GS,Met,07-27-2017,Jun 2017,0.21 ,0.21 ,6 ,0 ,07/27/2017 08:27
Ambev S.A.,ABEV,NYSE,Met,07-27-2017,Jun 2017,0.04 ,0.04 ,1 ,0 ,07/27/2017 08:27
"Canon, Inc.",CAJ,NYSE,Met,07-27-2017,Jun 2017,0.57 ,0.57 ,2 ,0 ,07/27/2017 08:27
Cloud Peak Energy Inc,CLD,NYSE,Met,07-27-2017,Jun 2017,-0.04 ,-0.04 ,5 ,0 ,07/27/2017 08:27
"Capitol Federal Financial, Inc.",CFFN,NASDAQ -GS,Met,07-27-2017,Jun 2017,0.16 ,0.16 ,1 ,0 ,07/27/2017 08:27
"Cullen/Frost Bankers, Inc.",CFR,NYSE,Met,07-27-2017,Jun 2017,1.29 ,1.29 ,9 ,0 ,07/27/2017 08:27
"Dime Community Bancshares, Inc.",DCOM,NASDAQ -GS,Met,07-27-2017,Jun 2017,0.32 ,0.32 ,1 ,0 ,07/27/2017 08:27
CTS Corporation,CTS,NYSE,Met,07-27-2017,Jun 2017,0.28 ,0.28 ,1 ,0 ,07/27/2017 08:27
"Exactech, Inc.",EXAC,NASDAQ -GS,Met,07-27-2017,Jun 2017,0.33 ,0.33 ,1 ,0 ,07/27/2017 08:27
Eagle Materials Inc,EXP,NYSE,Met,07-27-2017,Jun 2017,1.17 ,1.17 ,3 ,0 ,07/27/2017 08:27
Edison International,EIX,NYSE,Met,07-27-2017,Jun 2017,0.85 ,0.85 ,5 ,0 ,07/27/2017 08:27
FirstEnergy Corporation,FE,NYSE,Met,07-27-2017,Jun 2017,0.61 ,0.61 ,6 ,0 ,07/27/2017 08:27
"US Ecology, Inc.",ECOL,NASDAQ -GS,Met,07-27-2017,Jun 2017,0.38 ,0.38 ,4 ,0 ,07/27/2017 08:27
"Enova International, Inc.",ENVA,NYSE,Met,07-27-2017,Jun 2017,0.35 ,0.35 ,2 ,0 ,07/27/2017 08:27
"Del Taco Restaurants, Inc.",TACO,NASDAQ -CM,Met,07-27-2017,Jun 2017,0.13 ,0.13 ,4 ,0 ,07/27/2017 08:27
Meridian Bioscience Inc.,VIVO,NASDAQ -GS,Met,07-27-2017,Jun 2017,0.16 ,0.16 ,4 ,0 ,07/27/2017 08:27
Verizon Communications Inc.,VZ,Dual Listed,Met,07-27-2017,Jun 2017,0.96 ,0.96 ,19 ,0 ,07/27/2017 08:27
WEX Inc.,WEX,NYSE,Met,07-27-2017,Jun 2017,1.15 ,1.15 ,6 ,0 ,07/27/2017 08:27
"Zimmer Biomet Holdings, Inc.",ZBH,NYSE,Failed,07-27-2017,Jun 2017,2.08 ,2.1 ,15 ,-0.95 ,07/27/2017 08:27
Marathon Petroleum Corporation,MPC,NYSE,Failed,07-27-2017,Jun 2017,1.03 ,1.04 ,10 ,-0.96 ,07/27/2017 08:27
Total S.A.,TOT,NYSE,Failed,07-27-2017,Jun 2017,0.97 ,0.98 ,3 ,-1.02 ,07/27/2017 08:27
Altria Group,MO,NYSE,Failed,07-27-2017,Jun 2017,0.85 ,0.86 ,7 ,-1.16 ,07/27/2017 08:27
"Leggett & Platt, Incorporated",LEG,NYSE,Failed,07-27-2017,Jun 2017,0.64 ,0.65 ,4 ,-1.54 ,07/27/2017 08:27
"INC Research Holdings, Inc.",INCR,NASDAQ -GS,Failed,07-27-2017,Jun 2017,0.57 ,0.58 ,7 ,-1.72 ,07/27/2017 08:27
Cerner Corporation,CERN,NASDAQ -GS,Failed,07-27-2017,Jun 2017,0.56 ,0.57 ,11 ,-1.75 ,07/27/2017 08:27
"Plantronics, Inc.",PLT,NYSE,Failed,07-27-2017,Jun 2017,0.52 ,0.53 ,3 ,-1.89 ,07/27/2017 08:27
"Comfort Systems USA, Inc.",FIX,NYSE,Failed,07-27-2017,Jun 2017,0.48 ,0.49 ,2 ,-2.04 ,07/27/2017 08:27
"Columbia Banking System, Inc.",COLB,NASDAQ -GS,Failed,07-27-2017,Jun 2017,0.47 ,0.48 ,3 ,-2.08 ,07/27/2017 08:27
"Dr Pepper Snapple Group, Inc",DPS,NYSE,Failed,07-27-2017,Jun 2017,1.25 ,1.28 ,8 ,-2.34 ,07/27/2017 08:27
Towne Bank,TOWN,NASDAQ -GS,Failed,07-27-2017,Jun 2017,0.4 ,0.41 ,2 ,-2.44 ,07/27/2017 08:27
"DST Systems, Inc.",DST,NYSE,Failed,07-27-2017,Jun 2017,0.76 ,0.78 ,4 ,-2.56 ,07/27/2017 08:27
"Automatic Data Processing, Inc.",ADP,NASDAQ -GS,Failed,07-27-2017,Jun 2017,0.65 ,0.67 ,10 ,-2.99 ,07/27/2017 08:27
"EQT Midstream Partners, LP",EQM,NYSE,Failed,07-27-2017,Jun 2017,1.27 ,1.31 ,7 ,-3.05 ,07/27/2017 08:27
"Columbia Property Trust, Inc.",CXP,NYSE,Failed,07-27-2017,Jun 2017,0.26 ,0.27 ,2 ,-3.7 ,07/27/2017 08:27
"CalAtlantic Group, Inc.",CAA,NYSE,Failed,07-27-2017,Jun 2017,0.75 ,0.78 ,8 ,-3.85 ,07/27/2017 08:27
"BofI Holding, Inc.",BOFI,NASDAQ -GS,Failed,07-27-2017,Jun 2017,0.49 ,0.51 ,4 ,-3.92 ,07/27/2017 08:27
"BJ's Restaurants, Inc.",BJRI,NASDAQ -GS,Failed,07-27-2017,Jun 2017,0.49 ,0.51 ,8 ,-3.92 ,07/27/2017 08:27
Territorial Bancorp Inc.,TBNK,NASDAQ -GS,Failed,07-27-2017,Jun 2017,0.45 ,0.47 ,1 ,-4.26 ,07/27/2017 08:27
NovoCure Limited,NVCR,NASDAQ -GS,Failed,07-27-2017,Jun 2017,-0.24 ,-0.23 ,4 ,-4.35 ,07/27/2017 08:27
Flex Ltd.,FLEX,NASDAQ -GS,Failed,07-27-2017,Jun 2017,0.21 ,0.22 ,4 ,-4.55 ,07/27/2017 08:27
"Great Western Bancorp, Inc.",GWB,NYSE,Failed,07-27-2017,Jun 2017,0.59 ,0.62 ,6 ,-4.84 ,07/27/2017 08:27
Heritage Commerce Corp,HTBK,NASDAQ -GS,Failed,07-27-2017,Jun 2017,0.19 ,0.2 ,2 ,-5 ,07/27/2017 08:27
Old Republic International Corporation,ORI,NYSE,Failed,07-27-2017,Jun 2017,0.34 ,0.36 ,1 ,-5.56 ,07/27/2017 08:27
Potash Corporation of Saskatchewan Inc.,POT,NYSE,Failed,07-27-2017,Jun 2017,0.16 ,0.17 ,5 ,-5.88 ,07/27/2017 08:27
"Group 1 Automotive, Inc.",GPI,NYSE,Failed,07-27-2017,Jun 2017,1.87 ,1.99 ,6 ,-6.03 ,07/27/2017 08:27
"Boise Cascade, L.L.C.",BCC,NYSE,Failed,07-27-2017,Jun 2017,0.57 ,0.61 ,2 ,-6.56 ,07/27/2017 08:27
Cabot Oil & Gas Corporation,COG,NYSE,Failed,07-27-2017,Jun 2017,0.14 ,0.15 ,13 ,-6.67 ,07/27/2017 08:27
"Investors Bancorp, Inc.",ISBC,NASDAQ -GS,Failed,07-27-2017,Jun 2017,0.14 ,0.15 ,4 ,-6.67 ,07/27/2017 08:27
Independent Bank Corporation,IBCP,NASDAQ -GS,Failed,07-27-2017,Jun 2017,0.27 ,0.29 ,3 ,-6.9 ,07/27/2017 08:27
La Jolla Pharmaceutical Company,LJPC,NASDAQ -CM,Failed,07-27-2017,Jun 2017,-1.21 ,-1.13 ,4 ,-7.08 ,07/27/2017 08:27
Erie Indemnity Company,ERIE,NASDAQ -GS,Failed,07-27-2017,Jun 2017,1.12 ,1.21 ,1 ,-7.44 ,07/27/2017 08:27
Marcus Corporation (The),MCS,NYSE,Failed,07-27-2017,Jun 2017,0.36 ,0.39 ,2 ,-7.69 ,07/27/2017 08:27
"American Electric Power Company, Inc.",AEP,NYSE,Failed,07-27-2017,Jun 2017,0.75 ,0.82 ,7 ,-8.54 ,07/27/2017 08:27
Hess Midstream Partners LP,HESM,NYSE,Failed,07-27-2017,Jun 2017,0.21 ,0.23 ,4 ,-8.7 ,07/27/2017 08:27
Clipper Realty Inc.,CLPR,NYSE,Failed,07-27-2017,Jun 2017,0.09 ,0.1 ,2 ,-10 ,07/27/2017 08:27
"Vocera Communications, Inc.",VCRA,NYSE,Failed,07-27-2017,Jun 2017,-0.21 ,-0.19 ,6 ,-10.53 ,07/27/2017 08:27
World Fuel Services Corporation,INT,NYSE,Failed,07-27-2017,Jun 2017,0.5 ,0.56 ,2 ,-10.71 ,07/27/2017 08:27
"Spectrum Brands Holdings, Inc.",SPB,NYSE,Failed,07-27-2017,Jun 2017,1.71 ,1.92 ,7 ,-10.94 ,07/27/2017 08:27
McKesson Corporation,MCK,NYSE,Failed,07-27-2017,Jun 2017,2.46 ,2.81 ,8 ,-12.46 ,07/27/2017 08:27
"ABAXIS, Inc.",ABAX,NASDAQ -GS,Failed,07-27-2017,Jun 2017,0.28 ,0.32 ,3 ,-12.5 ,07/27/2017 08:27
Boyd Gaming Corporation,BYD,NYSE,Failed,07-27-2017,Jun 2017,0.26 ,0.3 ,7 ,-13.33 ,07/27/2017 08:27
"Midland States Bancorp, Inc.",MSBI,NASDAQ -GS,Failed,07-27-2017,Jun 2017,0.51 ,0.59 ,1 ,-13.56 ,07/27/2017 08:27
"Bemis Company, Inc.",BMS,NYSE,Failed,07-27-2017,Jun 2017,0.48 ,0.56 ,7 ,-14.29 ,07/27/2017 08:27
"Echo Global Logistics, Inc.",ECHO,NASDAQ -GS,Failed,07-27-2017,Jun 2017,0.12 ,0.14 ,3 ,-14.29 ,07/27/2017 08:27
Integer Holdings Corporation,ITGR,NYSE,Failed,07-27-2017,Jun 2017,0.62 ,0.73 ,3 ,-15.07 ,07/27/2017 08:27
"Basic Energy Services, Inc.",BAS,NYSE,Failed,07-27-2017,Jun 2017,-0.57 ,-0.49 ,2 ,-16.33 ,07/27/2017 08:27
Anheuser-Busch Inbev SA,BUD,NYSE,Failed,07-27-2017,Jun 2017,0.95 ,1.14 ,1 ,-16.67 ,07/27/2017 08:27
CyberOptics Corporation,CYBE,NASDAQ -GM,Failed,07-27-2017,Jun 2017,0.15 ,0.18 ,2 ,-16.67 ,07/27/2017 08:27
GasLog Partners LP,GLOP,NYSE,Failed,07-27-2017,Jun 2017,0.45 ,0.56 ,5 ,-19.64 ,07/27/2017 08:27
Melco Resorts & Entertainment Limited,MLCO,NASDAQ -GS,Failed,07-27-2017,Jun 2017,0.16 ,0.2 ,1 ,-20 ,07/27/2017 08:27
"DHI Group, Inc.",DHX,NYSE,Failed,07-27-2017,Jun 2017,0.04 ,0.05 ,1 ,-20 ,07/27/2017 08:27
"A10 Networks, Inc.",ATEN,NYSE,Failed,07-27-2017,Jun 2017,-0.12 ,-0.1 ,3 ,-20 ,07/27/2017 08:27
"West Pharmaceutical Services, Inc.",WST,NYSE,Failed,07-27-2017,Jun 2017,0.51 ,0.65 ,4 ,-21.54 ,07/27/2017 08:27
"Knoll, Inc.",KNL,NYSE,Failed,07-27-2017,Jun 2017,0.29 ,0.37 ,2 ,-21.62 ,07/27/2017 08:27
"ATN International, Inc.",ATNI,NASDAQ -GS,Failed,07-27-2017,Jun 2017,0.36 ,0.46 ,1 ,-21.74 ,07/27/2017 08:27
"P.A.M. Transportation Services, Inc.",PTSI,NASDAQ -GM,Failed,07-27-2017,Jun 2017,0.25 ,0.32 ,1 ,-21.88 ,07/27/2017 08:27
Nielsen N.V.,NLSN,NYSE,Failed,07-27-2017,Jun 2017,0.49 ,0.63 ,4 ,-22.22 ,07/27/2017 08:27
Covanta Holding Corporation,CVA,NYSE,Failed,07-27-2017,Jun 2017,-0.22 ,-0.18 ,4 ,-22.22 ,07/27/2017 08:27
"eHealth, Inc.",EHTH,NASDAQ -GS,Failed,07-27-2017,Jun 2017,-0.92 ,-0.75 ,4 ,-22.67 ,07/27/2017 08:27
CommerceWest Bank,CWBK,OTCBB,Failed,07-27-2017,Jun 2017,0.26 ,0.34 ,1 ,-23.53 ,07/27/2017 08:27
"Keryx Biopharmaceuticals, Inc.",KERX,NASDAQ -CM,Failed,07-27-2017,Jun 2017,-0.21 ,-0.17 ,5 ,-23.53 ,07/27/2017 08:27
"Versartis, Inc.",VSAR,NASDAQ -GS,Failed,07-27-2017,Jun 2017,-1.04 ,-0.84 ,3 ,-23.81 ,07/27/2017 08:27
"Arch Coal, Inc.",ARCH,NYSE,Failed,07-27-2017,Jun 2017,1.85 ,2.45 ,6 ,-24.49 ,07/27/2017 08:27
"FTI Consulting, Inc.",FCN,NYSE,Failed,07-27-2017,Jun 2017,0.4 ,0.53 ,3 ,-24.53 ,07/27/2017 08:27
"MobileIron, Inc.",MOBL,NASDAQ -GS,Failed,07-27-2017,Jun 2017,-0.2 ,-0.16 ,3 ,-25 ,07/27/2017 08:27
"VASCO Data Security International, Inc.",VDSI,NASDAQ -CM,Failed,07-27-2017,Jun 2017,0.06 ,0.08 ,2 ,-25 ,07/27/2017 08:27
Huron Consulting Group Inc.,HURN,NASDAQ -GS,Failed,07-27-2017,Jun 2017,0.49 ,0.67 ,3 ,-26.87 ,07/27/2017 08:27
"United Bankshares, Inc.",UBSI,NASDAQ -GS,Failed,07-27-2017,Jun 2017,0.37 ,0.51 ,3 ,-27.45 ,07/27/2017 08:27
"Safeguard Scientifics, Inc.",SFE,NYSE,Failed,07-27-2017,Jun 2017,-1.43 ,-1.11 ,1 ,-28.83 ,07/27/2017 08:27
"Penn National Gaming, Inc.",PENN,NASDAQ -GS,Failed,07-27-2017,Jun 2017,0.18 ,0.27 ,5 ,-33.33 ,07/27/2017 08:27
"Greenhill & Co., Inc.",GHL,NYSE,Failed,07-27-2017,Jun 2017,0.2 ,0.3 ,1 ,-33.33 ,07/27/2017 08:27
Constellium N.V.,CSTM,NYSE,Failed,07-27-2017,Jun 2017,0.16 ,0.24 ,7 ,-33.33 ,07/27/2017 08:27
"SunCoke Energy Partners, L.P.",SXCP,NYSE,Failed,07-27-2017,Jun 2017,0.13 ,0.2 ,2 ,-35 ,07/27/2017 08:27
CafePress Inc.,PRSS,NASDAQ -GS,Failed,07-27-2017,Jun 2017,-0.19 ,-0.14 ,2 ,-35.71 ,07/27/2017 08:27
"Charter Communications, Inc.",CHTR,NASDAQ -GS,Failed,07-27-2017,Jun 2017,0.52 ,0.81 ,13 ,-35.8 ,07/27/2017 08:27
MicroStrategy Incorporated,MSTR,NASDAQ -GS,Failed,07-27-2017,Jun 2017,0.96 ,1.6 ,3 ,-40 ,07/27/2017 08:27
Teradata Corporation,TDC,NYSE,Failed,07-27-2017,Jun 2017,0.13 ,0.22 ,2 ,-40.91 ,07/27/2017 08:27
"First Business Financial Services, Inc.",FBIZ,NASDAQ -GS,Failed,07-27-2017,Jun 2017,0.22 ,0.41 ,3 ,-46.34 ,07/27/2017 08:27
Leucadia National Corporation,LUK,NYSE,Failed,07-27-2017,Jun 2017,0.16 ,0.3 ,1 ,-46.67 ,07/27/2017 08:27
"PDF Solutions, Inc.",PDFS,NASDAQ -GS,Failed,07-27-2017,Jun 2017,0.01 ,0.02 ,2 ,-50 ,07/27/2017 08:27
"Proofpoint, Inc.",PFPT,NASDAQ -GM,Failed,07-27-2017,Jun 2017,-0.39 ,-0.26 ,9 ,-50 ,07/27/2017 08:27
Flowserve Corporation,FLS,NYSE,Failed,07-27-2017,Jun 2017,0.22 ,0.44 ,10 ,-50 ,07/27/2017 08:27
"Clearfield, Inc.",CLFD,NASDAQ -GM,Failed,07-27-2017,Jun 2017,0.06 ,0.12 ,1 ,-50 ,07/27/2017 08:27
Gentherm Inc,THRM,NASDAQ -GS,Failed,07-27-2017,Jun 2017,0.23 ,0.61 ,6 ,-62.3 ,07/27/2017 08:27
"Altice USA, Inc.",ATUS,NYSE,Failed,07-27-2017,Jun 2017,-0.17 ,-0.1 ,3 ,-70 ,07/27/2017 08:27
"Amazon.com, Inc.",AMZN,NASDAQ -GS,Failed,07-27-2017,Jun 2017,0.4 ,1.4 ,12 ,-71.43 ,07/27/2017 08:27
"Mattel, Inc.",MAT,NASDAQ -GS,Failed,07-27-2017,Jun 2017,-0.14 ,-0.08 ,6 ,-75 ,07/27/2017 08:27
Yamana Gold Inc.,AUY,NYSE,Failed,07-27-2017,Jun 2017,0 ,0.03 ,3 ,-100 ,07/27/2017 08:27
Buenaventura Mining Company Inc.,BVN,NYSE,Failed,07-27-2017,Jun 2017,0 ,0.22 ,2 ,-100 ,07/27/2017 08:27
United Therapeutics Corporation,UTHR,NASDAQ -GS,Failed,07-27-2017,Jun 2017,-1.25 ,3.61 ,6 ,-134.63 ,07/27/2017 08:27
Gigamon Inc.,GIMO,NYSE,Failed,07-27-2017,Jun 2017,-0.2 ,-0.08 ,3 ,-150 ,07/27/2017 08:27
Wix.com Ltd.,WIX,NASDAQ -GS,Failed,07-27-2017,Jun 2017,-0.26 ,-0.1 ,7 ,-160 ,07/27/2017 08:27
"CVR Refining, LP",CVRR,NYSE,Failed,07-27-2017,Jun 2017,-0.13 ,0.17 ,1 ,-176.47 ,07/27/2017 08:27
Acacia Research Corporation,ACTG,NASDAQ -GS,Failed,07-27-2017,Jun 2017,-0.17 ,-0.06 ,1 ,-183.33 ,07/27/2017 08:27
"Byline Bancorp, Inc.",BY,NYSE,Failed,07-27-2017,Jun 2017,-0.18 ,0.21 ,1 ,-185.71 ,07/27/2017 08:27
"Acorda Therapeutics, Inc.",ACOR,NASDAQ -GS,Failed,07-27-2017,Jun 2017,-0.18 ,0.13 ,6 ,-238.46 ,07/27/2017 08:27
Attunity Ltd.,ATTU,NASDAQ -CM,Failed,07-27-2017,Jun 2017,-0.17 ,-0.03 ,1 ,-466.67 ,07/27/2017 08:27
"Dril-Quip, Inc.",DRQ,NYSE,Exceeded,07-28-2017,Jun 2017,0.09 ,0.01 ,5 ,800 ,07/28/2017 06:19
iRadimed Corporation,IRMD,NASDAQ -CM,Exceeded,07-28-2017,Jun 2017,0.03 ,-0.01 ,1 ,400 ,07/28/2017 06:19
ENI S.p.A.,E,NYSE,Exceeded,07-28-2017,Jun 2017,0.27 ,0.09 ,1 ,200 ,07/28/2017 06:19
Monotype Imaging Holdings Inc.,TYPE,NASDAQ -GS,Exceeded,07-28-2017,Jun 2017,0.04 ,0.02 ,2 ,100 ,07/28/2017 06:19
"Advanced Semiconductor Engineering, Inc.",ASX,NYSE,Exceeded,07-28-2017,Jun 2017,0.15 ,0.08 ,1 ,87.5 ,07/28/2017 06:19
"Nustar GP Holdings, LLC",NSH,NYSE,Exceeded,07-28-2017,Jun 2017,0.56 ,0.35 ,2 ,60 ,07/28/2017 06:19
Gorman-Rupp Company (The),GRC,NYSE,Exceeded,07-28-2017,Jun 2017,0.35 ,0.22 ,1 ,59.09 ,07/28/2017 06:19
Embraer-Empresa Brasileira de Aeronautica,ERJ,NYSE,Exceeded,07-28-2017,Jun 2017,0.67 ,0.49 ,5 ,36.73 ,07/28/2017 06:19
"WisdomTree Investments, Inc.",WETF,NASDAQ -GS,Exceeded,07-28-2017,Jun 2017,0.09 ,0.07 ,6 ,28.57 ,07/28/2017 06:19
"ImmunoGen, Inc.",IMGN,NASDAQ -GS,Exceeded,07-28-2017,Jun 2017,-0.1 ,-0.14 ,6 ,28.57 ,07/28/2017 06:19
NewLink Genetics Corporation,NLNK,NASDAQ -GM,Exceeded,07-28-2017,Jun 2017,-0.57 ,-0.79 ,4 ,27.85 ,07/28/2017 06:19
Moog Inc.,MOG.A,NYSE,Exceeded,07-28-2017,Jun 2017,1.11 ,0.88 ,2 ,26.14 ,07/28/2017 06:19
ArcBest Corporation,ARCB,NASDAQ -GS,Exceeded,07-28-2017,Jun 2017,0.57 ,0.48 ,7 ,18.75 ,07/28/2017 06:19
First BanCorp.,FBP,NYSE,Exceeded,07-28-2017,Jun 2017,0.13 ,0.11 ,2 ,18.18 ,07/28/2017 06:19
"Barnes Group, Inc.",B,NYSE,Exceeded,07-28-2017,Jun 2017,0.81 ,0.69 ,5 ,17.39 ,07/28/2017 06:19
"Aaron's,  Inc.",AAN,NYSE,Exceeded,07-28-2017,Jun 2017,0.68 ,0.58 ,6 ,17.24 ,07/28/2017 06:19
"Merck & Company, Inc.",MRK,NYSE,Exceeded,07-28-2017,Jun 2017,1.01 ,0.87 ,8 ,16.09 ,07/28/2017 06:19
Entercom Communications Corporation,ETM,NYSE,Exceeded,07-28-2017,Jun 2017,0.22 ,0.19 ,1 ,15.79 ,07/28/2017 06:19
"Salisbury Bancorp, Inc.",SAL,NASDAQ -CM,Exceeded,07-28-2017,Jun 2017,0.67 ,0.58 ,1 ,15.52 ,07/28/2017 06:19
"American Axle & Manufacturing Holdings, Inc.",AXL,NYSE,Exceeded,07-28-2017,Jun 2017,0.99 ,0.86 ,8 ,15.12 ,07/28/2017 06:19
Domtar Corporation,UFS,NYSE,Exceeded,07-28-2017,Jun 2017,0.61 ,0.53 ,4 ,15.09 ,07/28/2017 06:19
Santander Consumer USA Holdings Inc.,SC,NYSE,Exceeded,07-28-2017,Jun 2017,0.7 ,0.62 ,6 ,12.9 ,07/28/2017 06:19
TransCanada Corporation,TRP,NYSE,Exceeded,07-28-2017,Jun 2017,0.56 ,0.5 ,4 ,12 ,07/28/2017 06:19
Banco Santander Chile,BSAC,NYSE,Exceeded,07-28-2017,Jun 2017,0.48 ,0.43 ,3 ,11.63 ,07/28/2017 06:19
Fortis Inc.,FTS,NYSE,Exceeded,07-28-2017,Jun 2017,0.45 ,0.41 ,2 ,9.76 ,07/28/2017 06:19
"Saia, Inc.",SAIA,NASDAQ -GS,Exceeded,07-28-2017,Jun 2017,0.68 ,0.62 ,6 ,9.68 ,07/28/2017 06:19
"PNM Resources, Inc. (Holding Co.)",PNM,NYSE,Exceeded,07-28-2017,Jun 2017,0.49 ,0.45 ,4 ,8.89 ,07/28/2017 06:19
Public Service Enterprise Group Incorporated,PEG,NYSE,Exceeded,07-28-2017,Jun 2017,0.62 ,0.57 ,5 ,8.77 ,07/28/2017 06:19
"Agile Therapeutics, Inc.",AGRX,NASDAQ -GM,Exceeded,07-28-2017,Jun 2017,-0.26 ,-0.28 ,6 ,7.14 ,07/28/2017 06:19
Iron Mountain Incorporated,IRM,NYSE,Exceeded,07-28-2017,Jun 2017,0.55 ,0.52 ,4 ,5.77 ,07/28/2017 06:19
The First of Long Island Corporation,FLIC,NASDAQ -CM,Exceeded,07-28-2017,Jun 2017,0.37 ,0.35 ,1 ,5.71 ,07/28/2017 06:19
"Provident Financial Services, Inc",PFS,NYSE,Exceeded,07-28-2017,Jun 2017,0.38 ,0.36 ,2 ,5.56 ,07/28/2017 06:19
Tenneco Inc.,TEN,NYSE,Exceeded,07-28-2017,Jun 2017,1.9 ,1.8 ,12 ,5.56 ,07/28/2017 06:19
"Ruth's Hospitality Group, Inc.",RUTH,NASDAQ -GS,Exceeded,07-28-2017,Jun 2017,0.25 ,0.24 ,4 ,4.17 ,07/28/2017 06:19
LyondellBasell Industries NV,LYB,NYSE,Exceeded,07-28-2017,Jun 2017,2.82 ,2.71 ,8 ,4.06 ,07/28/2017 06:19
"Rockwell Collins, Inc.",COL,NYSE,Exceeded,07-28-2017,Jun 2017,1.64 ,1.58 ,10 ,3.8 ,07/28/2017 06:19
Weyerhaeuser Company,WY,NYSE,Exceeded,07-28-2017,Jun 2017,0.28 ,0.27 ,4 ,3.7 ,07/28/2017 06:19
"American Airlines Group, Inc.",AAL,NASDAQ -GS,Exceeded,07-28-2017,Jun 2017,1.92 ,1.87 ,9 ,2.67 ,07/28/2017 06:19
Chevron Corporation,CVX,NYSE,Exceeded,07-28-2017,Jun 2017,0.91 ,0.89 ,8 ,2.25 ,07/28/2017 06:19
"Lithia Motors, Inc.",LAD,NYSE,Exceeded,07-28-2017,Jun 2017,2.28 ,2.23 ,4 ,2.24 ,07/28/2017 06:19
AbbVie Inc.,ABBV,NYSE,Exceeded,07-28-2017,Jun 2017,1.42 ,1.4 ,10 ,1.43 ,07/28/2017 06:19
Hill-Rom Holdings Inc,HRC,NYSE,Exceeded,07-28-2017,Jun 2017,0.91 ,0.9 ,6 ,1.11 ,07/28/2017 06:19
"Ventas, Inc.",VTR,NYSE,Exceeded,07-28-2017,Jun 2017,1.06 ,1.05 ,8 ,0.95 ,07/28/2017 06:19
Welltower Inc.,HCN,NYSE,Exceeded,07-28-2017,Jun 2017,1.06 ,1.05 ,10 ,0.95 ,07/28/2017 06:19
Colfax Corporation,CFX,NYSE,Met,07-28-2017,Jun 2017,0.43 ,0.43 ,9 ,0 ,07/28/2017 06:19
Weatherford International plc,WFT,NYSE,Met,07-28-2017,Jun 2017,-0.28 ,-0.28 ,11 ,0 ,07/28/2017 06:19
Grupo Financiero Santander Mexico S.A. B. de C.V.,BSMX,NYSE,Met,07-28-2017,Jun 2017,0.18 ,0.18 ,2 ,0 ,07/28/2017 06:19
"Franklin Resources, Inc.",BEN,NYSE,Met,07-28-2017,Jun 2017,0.73 ,0.73 ,6 ,0 ,07/28/2017 06:19
"Atlantic Capital Bancshares, Inc.",ACBI,NASDAQ -GS,Met,07-28-2017,Jun 2017,0.17 ,0.17 ,4 ,0 ,07/28/2017 06:19
Norbord Inc.,OSB,NYSE,Failed,07-28-2017,Jun 2017,1.1 ,1.11 ,1 ,-0.9 ,07/28/2017 06:19
"Mednax, Inc",MD,NYSE,Failed,07-28-2017,Jun 2017,0.8 ,0.81 ,8 ,-1.23 ,07/28/2017 06:19
The Goodyear Tire & Rubber Company,GT,NASDAQ -GS,Failed,07-28-2017,Jun 2017,0.7 ,0.72 ,5 ,-2.78 ,07/28/2017 06:19
"Virtus Investment Partners, Inc.",VRTS,NASDAQ -GS,Failed,07-28-2017,Jun 2017,1.61 ,1.66 ,3 ,-3.01 ,07/28/2017 06:19
Stonegate Bank,SGBK,NASDAQ -GS,Failed,07-28-2017,Jun 2017,0.59 ,0.61 ,2 ,-3.28 ,07/28/2017 06:19
Valero Energy Partners LP,VLP,NYSE,Failed,07-28-2017,Jun 2017,0.69 ,0.72 ,8 ,-4.17 ,07/28/2017 06:19
Exxon Mobil Corporation,XOM,NYSE,Failed,07-28-2017,Jun 2017,0.78 ,0.83 ,9 ,-6.02 ,07/28/2017 06:19
"Southside Bancshares, Inc.",SBSI,NASDAQ -GS,Failed,07-28-2017,Jun 2017,0.49 ,0.53 ,1 ,-7.55 ,07/28/2017 06:19
Barclays PLC,BCS,NYSE,Failed,07-28-2017,Jun 2017,0.12 ,0.13 ,1 ,-7.69 ,07/28/2017 06:19
"Civista Bancshares, Inc. ",CIVB,NASDAQ -CM,Failed,07-28-2017,Jun 2017,0.29 ,0.33 ,2 ,-12.12 ,07/28/2017 06:19
Yandex N.V.,YNDX,NASDAQ -GS,Failed,07-28-2017,Jun 2017,0.2 ,0.23 ,2 ,-13.04 ,07/28/2017 06:19
"CIRCOR International, Inc.",CIR,NYSE,Failed,07-28-2017,Jun 2017,0.39 ,0.46 ,4 ,-15.22 ,07/28/2017 06:19
"Sonic Automotive, Inc.",SAH,NYSE,Failed,07-28-2017,Jun 2017,0.4 ,0.48 ,5 ,-16.67 ,07/28/2017 06:19
Portland General Electric Company,POR,NYSE,Failed,07-28-2017,Jun 2017,0.36 ,0.44 ,4 ,-18.18 ,07/28/2017 06:19
CMS Energy Corporation,CMS,NYSE,Failed,07-28-2017,Jun 2017,0.33 ,0.41 ,4 ,-19.51 ,07/28/2017 06:19
Capital Product Partners L.P.,CPLP,NASDAQ -GS,Failed,07-28-2017,Jun 2017,0.06 ,0.08 ,4 ,-25 ,07/28/2017 06:19
"Magellan Health, Inc.",MGLN,NASDAQ -GS,Failed,07-28-2017,Jun 2017,0.46 ,0.94 ,2 ,-51.06 ,07/28/2017 06:19
Nustar Energy L.P.,NS,NYSE,Failed,07-28-2017,Jun 2017,0.05 ,0.33 ,6 ,-84.85 ,07/28/2017 06:19
Imperial Oil Limited,IMO,AMEX,Failed,07-28-2017,Jun 2017,-0.07 ,0.23 ,4 ,-130.43 ,07/28/2017 06:19
"Baker Hughes, a GE company",BHGE,NYSE,Failed,07-28-2017,Jun 2017,-0.11 ,0.16 ,2 ,-168.75 ,07/28/2017 06:19
Calpine Corporation,CPN,NYSE,Failed,07-28-2017,Jun 2017,-0.61 ,-0.01 ,3 ,-6000 ,07/28/2017 06:19
